County,Quarter,Fuel Type,Fuel Price
Adams,2023 Jan-Mar,Diesel,3.44
Adams,2023 Jan-Mar,Gas,3.83
Adams,2023 Jan-Mar,Other,0.0
Adams,2023 Apr-Jun,Diesel,4.38
Adams,2023 Apr-Jun,Gas,3.83
Adams,2023 Apr-Jun,Other,0.0
Adams,2023 Jul-Sep,Diesel,4.46
Adams,2023 Jul-Sep,Gas,2.58
Adams,2023 Jul-Sep,Other,0.0
Adams,2023 Oct-Dec,Diesel,3.76
Adams,2023 Oct-Dec,Gas,3.31
Adams,2023 Oct-Dec,Other,0.0
Adams,2024 Jan-Mar,Diesel,3.62
Adams,2024 Jan-Mar,Gas,4.34
Adams,2024 Jan-Mar,Other,0.0
Adams,2024 Apr-Jun,Diesel,3.74
Adams,2024 Apr-Jun,Gas,4.02
Adams,2024 Apr-Jun,Other,0.0
Adams,2024 Jul-Sep,Diesel,2.58
Adams,2024 Jul-Sep,Gas,3.71
Adams,2024 Jul-Sep,Other,0.0
Adams,2024 Oct-Dec,Diesel,2.86
Adams,2024 Oct-Dec,Gas,4.42
Adams,2024 Oct-Dec,Other,0.0
Adams,2025 Jan-Mar,Diesel,3.37
Adams,2025 Jan-Mar,Gas,3.66
Adams,2025 Jan-Mar,Other,0.0
Alexander,2023 Jan-Mar,Diesel,4.17
Alexander,2023 Jan-Mar,Gas,2.82
Alexander,2023 Jan-Mar,Other,0.0
Alexander,2023 Apr-Jun,Diesel,3.02
Alexander,2023 Apr-Jun,Gas,4.17
Alexander,2023 Apr-Jun,Other,0.0
Alexander,2023 Jul-Sep,Diesel,2.64
Alexander,2023 Jul-Sep,Gas,2.78
Alexander,2023 Jul-Sep,Other,0.0
Alexander,2023 Oct-Dec,Diesel,3.64
Alexander,2023 Oct-Dec,Gas,3.57
Alexander,2023 Oct-Dec,Other,0.0
Alexander,2024 Jan-Mar,Diesel,4.32
Alexander,2024 Jan-Mar,Gas,3.68
Alexander,2024 Jan-Mar,Other,0.0
Alexander,2024 Apr-Jun,Diesel,4.26
Alexander,2024 Apr-Jun,Gas,3.12
Alexander,2024 Apr-Jun,Other,0.0
Alexander,2024 Jul-Sep,Diesel,3.67
Alexander,2024 Jul-Sep,Gas,3.04
Alexander,2024 Jul-Sep,Other,0.0
Alexander,2024 Oct-Dec,Diesel,2.54
Alexander,2024 Oct-Dec,Gas,3.4
Alexander,2024 Oct-Dec,Other,0.0
Alexander,2025 Jan-Mar,Diesel,4.07
Alexander,2025 Jan-Mar,Gas,3.08
Alexander,2025 Jan-Mar,Other,0.0
Bond,2023 Jan-Mar,Diesel,4.05
Bond,2023 Jan-Mar,Gas,3.97
Bond,2023 Jan-Mar,Other,0.0
Bond,2023 Apr-Jun,Diesel,3.03
Bond,2023 Apr-Jun,Gas,3.72
Bond,2023 Apr-Jun,Other,0.0
Bond,2023 Jul-Sep,Diesel,2.71
Bond,2023 Jul-Sep,Gas,2.74
Bond,2023 Jul-Sep,Other,0.0
Bond,2023 Oct-Dec,Diesel,4.15
Bond,2023 Oct-Dec,Gas,2.91
Bond,2023 Oct-Dec,Other,0.0
Bond,2024 Jan-Mar,Diesel,3.99
Bond,2024 Jan-Mar,Gas,3.56
Bond,2024 Jan-Mar,Other,0.0
Bond,2024 Apr-Jun,Diesel,3.27
Bond,2024 Apr-Jun,Gas,3.04
Bond,2024 Apr-Jun,Other,0.0
Bond,2024 Jul-Sep,Diesel,4.15
Bond,2024 Jul-Sep,Gas,3.23
Bond,2024 Jul-Sep,Other,0.0
Bond,2024 Oct-Dec,Diesel,4.23
Bond,2024 Oct-Dec,Gas,2.71
Bond,2024 Oct-Dec,Other,0.0
Bond,2025 Jan-Mar,Diesel,3.61
Bond,2025 Jan-Mar,Gas,4.46
Bond,2025 Jan-Mar,Other,0.0
Boone,2023 Jan-Mar,Diesel,3.07
Boone,2023 Jan-Mar,Gas,2.65
Boone,2023 Jan-Mar,Other,0.0
Boone,2023 Apr-Jun,Diesel,4.46
Boone,2023 Apr-Jun,Gas,4.14
Boone,2023 Apr-Jun,Other,0.0
Boone,2023 Jul-Sep,Diesel,3.27
Boone,2023 Jul-Sep,Gas,4.36
Boone,2023 Jul-Sep,Other,0.0
Boone,2023 Oct-Dec,Diesel,2.74
Boone,2023 Oct-Dec,Gas,2.84
Boone,2023 Oct-Dec,Other,0.0
Boone,2024 Jan-Mar,Diesel,4.1
Boone,2024 Jan-Mar,Gas,3.77
Boone,2024 Jan-Mar,Other,0.0
Boone,2024 Apr-Jun,Diesel,4.46
Boone,2024 Apr-Jun,Gas,3.48
Boone,2024 Apr-Jun,Other,0.0
Boone,2024 Jul-Sep,Diesel,4.17
Boone,2024 Jul-Sep,Gas,3.67
Boone,2024 Jul-Sep,Other,0.0
Boone,2024 Oct-Dec,Diesel,3.95
Boone,2024 Oct-Dec,Gas,2.63
Boone,2024 Oct-Dec,Other,0.0
Boone,2025 Jan-Mar,Diesel,4.9
Boone,2025 Jan-Mar,Gas,3.03
Boone,2025 Jan-Mar,Other,0.0
Brown,2023 Jan-Mar,Diesel,2.88
Brown,2023 Jan-Mar,Gas,4.15
Brown,2023 Jan-Mar,Other,0.0
Brown,2023 Apr-Jun,Diesel,4.15
Brown,2023 Apr-Jun,Gas,2.95
Brown,2023 Apr-Jun,Other,0.0
Brown,2023 Jul-Sep,Diesel,3.7
Brown,2023 Jul-Sep,Gas,4.48
Brown,2023 Jul-Sep,Other,0.0
Brown,2023 Oct-Dec,Diesel,4.31
Brown,2023 Oct-Dec,Gas,4.46
Brown,2023 Oct-Dec,Other,0.0
Brown,2024 Jan-Mar,Diesel,3.96
Brown,2024 Jan-Mar,Gas,3.81
Brown,2024 Jan-Mar,Other,0.0
Brown,2024 Apr-Jun,Diesel,2.82
Brown,2024 Apr-Jun,Gas,2.79
Brown,2024 Apr-Jun,Other,0.0
Brown,2024 Jul-Sep,Diesel,2.51
Brown,2024 Jul-Sep,Gas,3.63
Brown,2024 Jul-Sep,Other,0.0
Brown,2024 Oct-Dec,Diesel,4.34
Brown,2024 Oct-Dec,Gas,2.6
Brown,2024 Oct-Dec,Other,0.0
Brown,2025 Jan-Mar,Diesel,3.4
Brown,2025 Jan-Mar,Gas,4.25
Brown,2025 Jan-Mar,Other,0.0
Bureau,2023 Jan-Mar,Diesel,3.22
Bureau,2023 Jan-Mar,Gas,2.5
Bureau,2023 Jan-Mar,Other,0.0
Bureau,2023 Apr-Jun,Diesel,3.91
Bureau,2023 Apr-Jun,Gas,3.25
Bureau,2023 Apr-Jun,Other,0.0
Bureau,2023 Jul-Sep,Diesel,3.97
Bureau,2023 Jul-Sep,Gas,2.58
Bureau,2023 Jul-Sep,Other,0.0
Bureau,2023 Oct-Dec,Diesel,2.54
Bureau,2023 Oct-Dec,Gas,2.7
Bureau,2023 Oct-Dec,Other,0.0
Bureau,2024 Jan-Mar,Diesel,4.11
Bureau,2024 Jan-Mar,Gas,4.33
Bureau,2024 Jan-Mar,Other,0.0
Bureau,2024 Apr-Jun,Diesel,3.21
Bureau,2024 Apr-Jun,Gas,3.72
Bureau,2024 Apr-Jun,Other,0.0
Bureau,2024 Jul-Sep,Diesel,3.49
Bureau,2024 Jul-Sep,Gas,4.41
Bureau,2024 Jul-Sep,Other,0.0
Bureau,2024 Oct-Dec,Diesel,4.33
Bureau,2024 Oct-Dec,Gas,4.19
Bureau,2024 Oct-Dec,Other,0.0
Bureau,2025 Jan-Mar,Diesel,3.0
Bureau,2025 Jan-Mar,Gas,3.13
Bureau,2025 Jan-Mar,Other,0.0
Calhoun,2023 Jan-Mar,Diesel,2.87
Calhoun,2023 Jan-Mar,Gas,3.27
Calhoun,2023 Jan-Mar,Other,0.0
Calhoun,2023 Apr-Jun,Diesel,2.69
Calhoun,2023 Apr-Jun,Gas,4.34
Calhoun,2023 Apr-Jun,Other,0.0
Calhoun,2023 Jul-Sep,Diesel,2.85
Calhoun,2023 Jul-Sep,Gas,2.78
Calhoun,2023 Jul-Sep,Other,0.0
Calhoun,2023 Oct-Dec,Diesel,3.01
Calhoun,2023 Oct-Dec,Gas,3.08
Calhoun,2023 Oct-Dec,Other,0.0
Calhoun,2024 Jan-Mar,Diesel,3.78
Calhoun,2024 Jan-Mar,Gas,4.22
Calhoun,2024 Jan-Mar,Other,0.0
Calhoun,2024 Apr-Jun,Diesel,3.6
Calhoun,2024 Apr-Jun,Gas,3.43
Calhoun,2024 Apr-Jun,Other,0.0
Calhoun,2024 Jul-Sep,Diesel,2.86
Calhoun,2024 Jul-Sep,Gas,4.36
Calhoun,2024 Jul-Sep,Other,0.0
Calhoun,2024 Oct-Dec,Diesel,3.42
Calhoun,2024 Oct-Dec,Gas,4.16
Calhoun,2024 Oct-Dec,Other,0.0
Calhoun,2025 Jan-Mar,Diesel,4.25
Calhoun,2025 Jan-Mar,Gas,3.1
Calhoun,2025 Jan-Mar,Other,0.0
Carroll,2023 Jan-Mar,Diesel,3.4
Carroll,2023 Jan-Mar,Gas,3.78
Carroll,2023 Jan-Mar,Other,0.0
Carroll,2023 Apr-Jun,Diesel,3.1
Carroll,2023 Apr-Jun,Gas,3.38
Carroll,2023 Apr-Jun,Other,0.0
Carroll,2023 Jul-Sep,Diesel,3.44
Carroll,2023 Jul-Sep,Gas,2.97
Carroll,2023 Jul-Sep,Other,0.0
Carroll,2023 Oct-Dec,Diesel,2.53
Carroll,2023 Oct-Dec,Gas,3.74
Carroll,2023 Oct-Dec,Other,0.0
Carroll,2024 Jan-Mar,Diesel,3.0
Carroll,2024 Jan-Mar,Gas,2.69
Carroll,2024 Jan-Mar,Other,0.0
Carroll,2024 Apr-Jun,Diesel,3.8
Carroll,2024 Apr-Jun,Gas,4.41
Carroll,2024 Apr-Jun,Other,0.0
Carroll,2024 Jul-Sep,Diesel,3.92
Carroll,2024 Jul-Sep,Gas,3.18
Carroll,2024 Jul-Sep,Other,0.0
Carroll,2024 Oct-Dec,Diesel,2.57
Carroll,2024 Oct-Dec,Gas,3.62
Carroll,2024 Oct-Dec,Other,0.0
Carroll,2025 Jan-Mar,Diesel,4.16
Carroll,2025 Jan-Mar,Gas,4.29
Carroll,2025 Jan-Mar,Other,0.0
Cass,2023 Jan-Mar,Diesel,4.33
Cass,2023 Jan-Mar,Gas,4.37
Cass,2023 Jan-Mar,Other,0.0
Cass,2023 Apr-Jun,Diesel,3.15
Cass,2023 Apr-Jun,Gas,3.2
Cass,2023 Apr-Jun,Other,0.0
Cass,2023 Jul-Sep,Diesel,2.9
Cass,2023 Jul-Sep,Gas,3.45
Cass,2023 Jul-Sep,Other,0.0
Cass,2023 Oct-Dec,Diesel,3.55
Cass,2023 Oct-Dec,Gas,3.34
Cass,2023 Oct-Dec,Other,0.0
Cass,2024 Jan-Mar,Diesel,2.93
Cass,2024 Jan-Mar,Gas,3.84
Cass,2024 Jan-Mar,Other,0.0
Cass,2024 Apr-Jun,Diesel,3.5
Cass,2024 Apr-Jun,Gas,2.64
Cass,2024 Apr-Jun,Other,0.0
Cass,2024 Jul-Sep,Diesel,4.19
Cass,2024 Jul-Sep,Gas,3.18
Cass,2024 Jul-Sep,Other,0.0
Cass,2024 Oct-Dec,Diesel,3.32
Cass,2024 Oct-Dec,Gas,3.46
Cass,2024 Oct-Dec,Other,0.0
Cass,2025 Jan-Mar,Diesel,3.69
Cass,2025 Jan-Mar,Gas,3.82
Cass,2025 Jan-Mar,Other,0.0
Champaign,2023 Jan-Mar,Diesel,3.06
Champaign,2023 Jan-Mar,Gas,3.59
Champaign,2023 Jan-Mar,Other,0.0
Champaign,2023 Apr-Jun,Diesel,4.06
Champaign,2023 Apr-Jun,Gas,4.37
Champaign,2023 Apr-Jun,Other,0.0
Champaign,2023 Jul-Sep,Diesel,2.72
Champaign,2023 Jul-Sep,Gas,2.92
Champaign,2023 Jul-Sep,Other,0.0
Champaign,2023 Oct-Dec,Diesel,3.54
Champaign,2023 Oct-Dec,Gas,3.42
Champaign,2023 Oct-Dec,Other,0.0
Champaign,2024 Jan-Mar,Diesel,2.77
Champaign,2024 Jan-Mar,Gas,2.73
Champaign,2024 Jan-Mar,Other,0.0
Champaign,2024 Apr-Jun,Diesel,3.49
Champaign,2024 Apr-Jun,Gas,3.04
Champaign,2024 Apr-Jun,Other,0.0
Champaign,2024 Jul-Sep,Diesel,2.88
Champaign,2024 Jul-Sep,Gas,2.88
Champaign,2024 Jul-Sep,Other,0.0
Champaign,2024 Oct-Dec,Diesel,2.88
Champaign,2024 Oct-Dec,Gas,2.57
Champaign,2024 Oct-Dec,Other,0.0
Champaign,2025 Jan-Mar,Diesel,3.28
Champaign,2025 Jan-Mar,Gas,4.13
Champaign,2025 Jan-Mar,Other,0.0
Christian,2023 Jan-Mar,Diesel,3.44
Christian,2023 Jan-Mar,Gas,3.59
Christian,2023 Jan-Mar,Other,0.0
Christian,2023 Apr-Jun,Diesel,3.32
Christian,2023 Apr-Jun,Gas,3.45
Christian,2023 Apr-Jun,Other,0.0
Christian,2023 Jul-Sep,Diesel,3.03
Christian,2023 Jul-Sep,Gas,2.68
Christian,2023 Jul-Sep,Other,0.0
Christian,2023 Oct-Dec,Diesel,2.74
Christian,2023 Oct-Dec,Gas,3.84
Christian,2023 Oct-Dec,Other,0.0
Christian,2024 Jan-Mar,Diesel,4.48
Christian,2024 Jan-Mar,Gas,4.13
Christian,2024 Jan-Mar,Other,0.0
Christian,2024 Apr-Jun,Diesel,3.41
Christian,2024 Apr-Jun,Gas,3.72
Christian,2024 Apr-Jun,Other,0.0
Christian,2024 Jul-Sep,Diesel,3.8
Christian,2024 Jul-Sep,Gas,3.72
Christian,2024 Jul-Sep,Other,0.0
Christian,2024 Oct-Dec,Diesel,4.46
Christian,2024 Oct-Dec,Gas,3.13
Christian,2024 Oct-Dec,Other,0.0
Christian,2025 Jan-Mar,Diesel,3.71
Christian,2025 Jan-Mar,Gas,3.84
Christian,2025 Jan-Mar,Other,0.0
Clark,2023 Jan-Mar,Diesel,3.46
Clark,2023 Jan-Mar,Gas,3.82
Clark,2023 Jan-Mar,Other,0.0
Clark,2023 Apr-Jun,Diesel,2.93
Clark,2023 Apr-Jun,Gas,2.59
Clark,2023 Apr-Jun,Other,0.0
Clark,2023 Jul-Sep,Diesel,3.06
Clark,2023 Jul-Sep,Gas,2.99
Clark,2023 Jul-Sep,Other,0.0
Clark,2023 Oct-Dec,Diesel,3.79
Clark,2023 Oct-Dec,Gas,4.23
Clark,2023 Oct-Dec,Other,0.0
Clark,2024 Jan-Mar,Diesel,3.56
Clark,2024 Jan-Mar,Gas,2.98
Clark,2024 Jan-Mar,Other,0.0
Clark,2024 Apr-Jun,Diesel,3.05
Clark,2024 Apr-Jun,Gas,4.24
Clark,2024 Apr-Jun,Other,0.0
Clark,2024 Jul-Sep,Diesel,3.72
Clark,2024 Jul-Sep,Gas,4.45
Clark,2024 Jul-Sep,Other,0.0
Clark,2024 Oct-Dec,Diesel,3.07
Clark,2024 Oct-Dec,Gas,3.02
Clark,2024 Oct-Dec,Other,0.0
Clark,2025 Jan-Mar,Diesel,4.69
Clark,2025 Jan-Mar,Gas,3.54
Clark,2025 Jan-Mar,Other,0.0
Clay,2023 Jan-Mar,Diesel,4.45
Clay,2023 Jan-Mar,Gas,4.07
Clay,2023 Jan-Mar,Other,0.0
Clay,2023 Apr-Jun,Diesel,3.88
Clay,2023 Apr-Jun,Gas,4.49
Clay,2023 Apr-Jun,Other,0.0
Clay,2023 Jul-Sep,Diesel,3.88
Clay,2023 Jul-Sep,Gas,4.49
Clay,2023 Jul-Sep,Other,0.0
Clay,2023 Oct-Dec,Diesel,4.49
Clay,2023 Oct-Dec,Gas,2.51
Clay,2023 Oct-Dec,Other,0.0
Clay,2024 Jan-Mar,Diesel,4.42
Clay,2024 Jan-Mar,Gas,4.33
Clay,2024 Jan-Mar,Other,0.0
Clay,2024 Apr-Jun,Diesel,3.55
Clay,2024 Apr-Jun,Gas,3.54
Clay,2024 Apr-Jun,Other,0.0
Clay,2024 Jul-Sep,Diesel,4.2
Clay,2024 Jul-Sep,Gas,3.76
Clay,2024 Jul-Sep,Other,0.0
Clay,2024 Oct-Dec,Diesel,4.28
Clay,2024 Oct-Dec,Gas,3.94
Clay,2024 Oct-Dec,Other,0.0
Clay,2025 Jan-Mar,Diesel,4.07
Clay,2025 Jan-Mar,Gas,4.2
Clay,2025 Jan-Mar,Other,0.0
Clinton,2023 Jan-Mar,Diesel,3.58
Clinton,2023 Jan-Mar,Gas,2.91
Clinton,2023 Jan-Mar,Other,0.0
Clinton,2023 Apr-Jun,Diesel,3.0
Clinton,2023 Apr-Jun,Gas,3.07
Clinton,2023 Apr-Jun,Other,0.0
Clinton,2023 Jul-Sep,Diesel,4.16
Clinton,2023 Jul-Sep,Gas,4.17
Clinton,2023 Jul-Sep,Other,0.0
Clinton,2023 Oct-Dec,Diesel,2.9
Clinton,2023 Oct-Dec,Gas,3.63
Clinton,2023 Oct-Dec,Other,0.0
Clinton,2024 Jan-Mar,Diesel,2.5
Clinton,2024 Jan-Mar,Gas,4.31
Clinton,2024 Jan-Mar,Other,0.0
Clinton,2024 Apr-Jun,Diesel,4.14
Clinton,2024 Apr-Jun,Gas,4.16
Clinton,2024 Apr-Jun,Other,0.0
Clinton,2024 Jul-Sep,Diesel,2.56
Clinton,2024 Jul-Sep,Gas,3.92
Clinton,2024 Jul-Sep,Other,0.0
Clinton,2024 Oct-Dec,Diesel,3.57
Clinton,2024 Oct-Dec,Gas,4.18
Clinton,2024 Oct-Dec,Other,0.0
Clinton,2025 Jan-Mar,Diesel,4.37
Clinton,2025 Jan-Mar,Gas,4.5
Clinton,2025 Jan-Mar,Other,0.0
Coles,2023 Jan-Mar,Diesel,4.06
Coles,2023 Jan-Mar,Gas,3.12
Coles,2023 Jan-Mar,Other,0.0
Coles,2023 Apr-Jun,Diesel,3.3
Coles,2023 Apr-Jun,Gas,2.73
Coles,2023 Apr-Jun,Other,0.0
Coles,2023 Jul-Sep,Diesel,3.81
Coles,2023 Jul-Sep,Gas,2.82
Coles,2023 Jul-Sep,Other,0.0
Coles,2023 Oct-Dec,Diesel,3.06
Coles,2023 Oct-Dec,Gas,4.4
Coles,2023 Oct-Dec,Other,0.0
Coles,2024 Jan-Mar,Diesel,4.18
Coles,2024 Jan-Mar,Gas,3.32
Coles,2024 Jan-Mar,Other,0.0
Coles,2024 Apr-Jun,Diesel,2.94
Coles,2024 Apr-Jun,Gas,3.71
Coles,2024 Apr-Jun,Other,0.0
Coles,2024 Jul-Sep,Diesel,2.77
Coles,2024 Jul-Sep,Gas,3.19
Coles,2024 Jul-Sep,Other,0.0
Coles,2024 Oct-Dec,Diesel,3.42
Coles,2024 Oct-Dec,Gas,2.85
Coles,2024 Oct-Dec,Other,0.0
Coles,2025 Jan-Mar,Diesel,4.79
Coles,2025 Jan-Mar,Gas,4.92
Coles,2025 Jan-Mar,Other,0.0
Cook,2023 Jan-Mar,Diesel,3.91
Cook,2023 Jan-Mar,Gas,4.24
Cook,2023 Jan-Mar,Other,0.0
Cook,2023 Apr-Jun,Diesel,3.76
Cook,2023 Apr-Jun,Gas,3.08
Cook,2023 Apr-Jun,Other,0.0
Cook,2023 Jul-Sep,Diesel,3.68
Cook,2023 Jul-Sep,Gas,2.95
Cook,2023 Jul-Sep,Other,0.0
Cook,2023 Oct-Dec,Diesel,3.42
Cook,2023 Oct-Dec,Gas,3.88
Cook,2023 Oct-Dec,Other,0.0
Cook,2024 Jan-Mar,Diesel,3.77
Cook,2024 Jan-Mar,Gas,3.17
Cook,2024 Jan-Mar,Other,0.0
Cook,2024 Apr-Jun,Diesel,2.96
Cook,2024 Apr-Jun,Gas,3.57
Cook,2024 Apr-Jun,Other,0.0
Cook,2024 Jul-Sep,Diesel,3.36
Cook,2024 Jul-Sep,Gas,4.03
Cook,2024 Jul-Sep,Other,0.0
Cook,2024 Oct-Dec,Diesel,2.81
Cook,2024 Oct-Dec,Gas,3.18
Cook,2024 Oct-Dec,Other,0.0
Cook,2025 Jan-Mar,Diesel,4.65
Cook,2025 Jan-Mar,Gas,3.5
Cook,2025 Jan-Mar,Other,0.0
Crawford,2023 Jan-Mar,Diesel,4.02
Crawford,2023 Jan-Mar,Gas,2.67
Crawford,2023 Jan-Mar,Other,0.0
Crawford,2023 Apr-Jun,Diesel,2.85
Crawford,2023 Apr-Jun,Gas,3.71
Crawford,2023 Apr-Jun,Other,0.0
Crawford,2023 Jul-Sep,Diesel,2.95
Crawford,2023 Jul-Sep,Gas,3.95
Crawford,2023 Jul-Sep,Other,0.0
Crawford,2023 Oct-Dec,Diesel,3.63
Crawford,2023 Oct-Dec,Gas,4.48
Crawford,2023 Oct-Dec,Other,0.0
Crawford,2024 Jan-Mar,Diesel,3.96
Crawford,2024 Jan-Mar,Gas,2.9
Crawford,2024 Jan-Mar,Other,0.0
Crawford,2024 Apr-Jun,Diesel,3.58
Crawford,2024 Apr-Jun,Gas,3.17
Crawford,2024 Apr-Jun,Other,0.0
Crawford,2024 Jul-Sep,Diesel,2.81
Crawford,2024 Jul-Sep,Gas,4.39
Crawford,2024 Jul-Sep,Other,0.0
Crawford,2024 Oct-Dec,Diesel,3.43
Crawford,2024 Oct-Dec,Gas,3.88
Crawford,2024 Oct-Dec,Other,0.0
Crawford,2025 Jan-Mar,Diesel,3.05
Crawford,2025 Jan-Mar,Gas,3.34
Crawford,2025 Jan-Mar,Other,0.0
Cumberland,2023 Jan-Mar,Diesel,3.48
Cumberland,2023 Jan-Mar,Gas,2.8
Cumberland,2023 Jan-Mar,Other,0.0
Cumberland,2023 Apr-Jun,Diesel,2.59
Cumberland,2023 Apr-Jun,Gas,3.81
Cumberland,2023 Apr-Jun,Other,0.0
Cumberland,2023 Jul-Sep,Diesel,3.17
Cumberland,2023 Jul-Sep,Gas,4.37
Cumberland,2023 Jul-Sep,Other,0.0
Cumberland,2023 Oct-Dec,Diesel,3.04
Cumberland,2023 Oct-Dec,Gas,2.55
Cumberland,2023 Oct-Dec,Other,0.0
Cumberland,2024 Jan-Mar,Diesel,2.96
Cumberland,2024 Jan-Mar,Gas,3.23
Cumberland,2024 Jan-Mar,Other,0.0
Cumberland,2024 Apr-Jun,Diesel,3.49
Cumberland,2024 Apr-Jun,Gas,2.55
Cumberland,2024 Apr-Jun,Other,0.0
Cumberland,2024 Jul-Sep,Diesel,3.54
Cumberland,2024 Jul-Sep,Gas,4.02
Cumberland,2024 Jul-Sep,Other,0.0
Cumberland,2024 Oct-Dec,Diesel,3.01
Cumberland,2024 Oct-Dec,Gas,2.66
Cumberland,2024 Oct-Dec,Other,0.0
Cumberland,2025 Jan-Mar,Diesel,3.52
Cumberland,2025 Jan-Mar,Gas,3.65
Cumberland,2025 Jan-Mar,Other,0.0
DeKalb,2023 Jan-Mar,Diesel,2.56
DeKalb,2023 Jan-Mar,Gas,2.53
DeKalb,2023 Jan-Mar,Other,0.0
DeKalb,2023 Apr-Jun,Diesel,4.24
DeKalb,2023 Apr-Jun,Gas,3.23
DeKalb,2023 Apr-Jun,Other,0.0
DeKalb,2023 Jul-Sep,Diesel,3.15
DeKalb,2023 Jul-Sep,Gas,2.93
DeKalb,2023 Jul-Sep,Other,0.0
DeKalb,2023 Oct-Dec,Diesel,4.06
DeKalb,2023 Oct-Dec,Gas,3.49
DeKalb,2023 Oct-Dec,Other,0.0
DeKalb,2024 Jan-Mar,Diesel,4.24
DeKalb,2024 Jan-Mar,Gas,2.7
DeKalb,2024 Jan-Mar,Other,0.0
DeKalb,2024 Apr-Jun,Diesel,4.48
DeKalb,2024 Apr-Jun,Gas,3.03
DeKalb,2024 Apr-Jun,Other,0.0
DeKalb,2024 Jul-Sep,Diesel,4.41
DeKalb,2024 Jul-Sep,Gas,4.21
DeKalb,2024 Jul-Sep,Other,0.0
DeKalb,2024 Oct-Dec,Diesel,3.18
DeKalb,2024 Oct-Dec,Gas,3.41
DeKalb,2024 Oct-Dec,Other,0.0
DeKalb,2025 Jan-Mar,Diesel,3.1
DeKalb,2025 Jan-Mar,Gas,3.23
DeKalb,2025 Jan-Mar,Other,0.0
DeWitt,2023 Jan-Mar,Diesel,3.51
DeWitt,2023 Jan-Mar,Gas,3.86
DeWitt,2023 Jan-Mar,Other,0.0
DeWitt,2023 Apr-Jun,Diesel,4.28
DeWitt,2023 Apr-Jun,Gas,3.11
DeWitt,2023 Apr-Jun,Other,0.0
DeWitt,2023 Jul-Sep,Diesel,3.59
DeWitt,2023 Jul-Sep,Gas,4.36
DeWitt,2023 Jul-Sep,Other,0.0
DeWitt,2023 Oct-Dec,Diesel,3.22
DeWitt,2023 Oct-Dec,Gas,4.04
DeWitt,2023 Oct-Dec,Other,0.0
DeWitt,2024 Jan-Mar,Diesel,3.74
DeWitt,2024 Jan-Mar,Gas,4.21
DeWitt,2024 Jan-Mar,Other,0.0
DeWitt,2024 Apr-Jun,Diesel,2.66
DeWitt,2024 Apr-Jun,Gas,4.48
DeWitt,2024 Apr-Jun,Other,0.0
DeWitt,2024 Jul-Sep,Diesel,2.84
DeWitt,2024 Jul-Sep,Gas,4.24
DeWitt,2024 Jul-Sep,Other,0.0
DeWitt,2024 Oct-Dec,Diesel,2.72
DeWitt,2024 Oct-Dec,Gas,4.3
DeWitt,2024 Oct-Dec,Other,0.0
DeWitt,2025 Jan-Mar,Diesel,4.42
DeWitt,2025 Jan-Mar,Gas,3.27
DeWitt,2025 Jan-Mar,Other,0.0
Douglas,2023 Jan-Mar,Diesel,2.61
Douglas,2023 Jan-Mar,Gas,3.13
Douglas,2023 Jan-Mar,Other,0.0
Douglas,2023 Apr-Jun,Diesel,4.13
Douglas,2023 Apr-Jun,Gas,3.4
Douglas,2023 Apr-Jun,Other,0.0
Douglas,2023 Jul-Sep,Diesel,3.81
Douglas,2023 Jul-Sep,Gas,3.34
Douglas,2023 Jul-Sep,Other,0.0
Douglas,2023 Oct-Dec,Diesel,3.05
Douglas,2023 Oct-Dec,Gas,3.96
Douglas,2023 Oct-Dec,Other,0.0
Douglas,2024 Jan-Mar,Diesel,3.57
Douglas,2024 Jan-Mar,Gas,2.93
Douglas,2024 Jan-Mar,Other,0.0
Douglas,2024 Apr-Jun,Diesel,3.32
Douglas,2024 Apr-Jun,Gas,4.13
Douglas,2024 Apr-Jun,Other,0.0
Douglas,2024 Jul-Sep,Diesel,3.73
Douglas,2024 Jul-Sep,Gas,3.57
Douglas,2024 Jul-Sep,Other,0.0
Douglas,2024 Oct-Dec,Diesel,2.53
Douglas,2024 Oct-Dec,Gas,4.37
Douglas,2024 Oct-Dec,Other,0.0
Douglas,2025 Jan-Mar,Diesel,3.16
Douglas,2025 Jan-Mar,Gas,4.01
Douglas,2025 Jan-Mar,Other,0.0
DuPage,2023 Jan-Mar,Diesel,3.41
DuPage,2023 Jan-Mar,Gas,4.05
DuPage,2023 Jan-Mar,Other,0.0
DuPage,2023 Apr-Jun,Diesel,4.2
DuPage,2023 Apr-Jun,Gas,3.88
DuPage,2023 Apr-Jun,Other,0.0
DuPage,2023 Jul-Sep,Diesel,3.81
DuPage,2023 Jul-Sep,Gas,2.85
DuPage,2023 Jul-Sep,Other,0.0
DuPage,2023 Oct-Dec,Diesel,3.43
DuPage,2023 Oct-Dec,Gas,2.98
DuPage,2023 Oct-Dec,Other,0.0
DuPage,2024 Jan-Mar,Diesel,3.48
DuPage,2024 Jan-Mar,Gas,3.3
DuPage,2024 Jan-Mar,Other,0.0
DuPage,2024 Apr-Jun,Diesel,3.62
DuPage,2024 Apr-Jun,Gas,2.59
DuPage,2024 Apr-Jun,Other,0.0
DuPage,2024 Jul-Sep,Diesel,3.9
DuPage,2024 Jul-Sep,Gas,3.05
DuPage,2024 Jul-Sep,Other,0.0
DuPage,2024 Oct-Dec,Diesel,3.09
DuPage,2024 Oct-Dec,Gas,2.85
DuPage,2024 Oct-Dec,Other,0.0
DuPage,2025 Jan-Mar,Diesel,3.29
DuPage,2025 Jan-Mar,Gas,3.42
DuPage,2025 Jan-Mar,Other,0.0
Edgar,2023 Jan-Mar,Diesel,3.73
Edgar,2023 Jan-Mar,Gas,3.86
Edgar,2023 Jan-Mar,Other,0.0
Edgar,2023 Apr-Jun,Diesel,3.92
Edgar,2023 Apr-Jun,Gas,4.03
Edgar,2023 Apr-Jun,Other,0.0
Edgar,2023 Jul-Sep,Diesel,3.06
Edgar,2023 Jul-Sep,Gas,3.43
Edgar,2023 Jul-Sep,Other,0.0
Edgar,2023 Oct-Dec,Diesel,4.44
Edgar,2023 Oct-Dec,Gas,3.5
Edgar,2023 Oct-Dec,Other,0.0
Edgar,2024 Jan-Mar,Diesel,3.0
Edgar,2024 Jan-Mar,Gas,4.14
Edgar,2024 Jan-Mar,Other,0.0
Edgar,2024 Apr-Jun,Diesel,2.94
Edgar,2024 Apr-Jun,Gas,3.65
Edgar,2024 Apr-Jun,Other,0.0
Edgar,2024 Jul-Sep,Diesel,3.0
Edgar,2024 Jul-Sep,Gas,3.28
Edgar,2024 Jul-Sep,Other,0.0
Edgar,2024 Oct-Dec,Diesel,3.6
Edgar,2024 Oct-Dec,Gas,4.5
Edgar,2024 Oct-Dec,Other,0.0
Edgar,2025 Jan-Mar,Diesel,3.79
Edgar,2025 Jan-Mar,Gas,3.92
Edgar,2025 Jan-Mar,Other,0.0
Edwards,2023 Jan-Mar,Diesel,2.74
Edwards,2023 Jan-Mar,Gas,3.6
Edwards,2023 Jan-Mar,Other,0.0
Edwards,2023 Apr-Jun,Diesel,4.13
Edwards,2023 Apr-Jun,Gas,2.93
Edwards,2023 Apr-Jun,Other,0.0
Edwards,2023 Jul-Sep,Diesel,3.07
Edwards,2023 Jul-Sep,Gas,3.54
Edwards,2023 Jul-Sep,Other,0.0
Edwards,2023 Oct-Dec,Diesel,4.26
Edwards,2023 Oct-Dec,Gas,3.41
Edwards,2023 Oct-Dec,Other,0.0
Edwards,2024 Jan-Mar,Diesel,4.07
Edwards,2024 Jan-Mar,Gas,2.53
Edwards,2024 Jan-Mar,Other,0.0
Edwards,2024 Apr-Jun,Diesel,3.12
Edwards,2024 Apr-Jun,Gas,2.87
Edwards,2024 Apr-Jun,Other,0.0
Edwards,2024 Jul-Sep,Diesel,4.11
Edwards,2024 Jul-Sep,Gas,2.97
Edwards,2024 Jul-Sep,Other,0.0
Edwards,2024 Oct-Dec,Diesel,4.3
Edwards,2024 Oct-Dec,Gas,2.6
Edwards,2024 Oct-Dec,Other,0.0
Edwards,2025 Jan-Mar,Diesel,4.23
Edwards,2025 Jan-Mar,Gas,4.52
Edwards,2025 Jan-Mar,Other,0.0
Effingham,2023 Jan-Mar,Diesel,3.49
Effingham,2023 Jan-Mar,Gas,3.57
Effingham,2023 Jan-Mar,Other,0.0
Effingham,2023 Apr-Jun,Diesel,3.42
Effingham,2023 Apr-Jun,Gas,3.94
Effingham,2023 Apr-Jun,Other,0.0
Effingham,2023 Jul-Sep,Diesel,3.54
Effingham,2023 Jul-Sep,Gas,2.84
Effingham,2023 Jul-Sep,Other,0.0
Effingham,2023 Oct-Dec,Diesel,4.3
Effingham,2023 Oct-Dec,Gas,2.52
Effingham,2023 Oct-Dec,Other,0.0
Effingham,2024 Jan-Mar,Diesel,4.42
Effingham,2024 Jan-Mar,Gas,4.23
Effingham,2024 Jan-Mar,Other,0.0
Effingham,2024 Apr-Jun,Diesel,4.08
Effingham,2024 Apr-Jun,Gas,3.76
Effingham,2024 Apr-Jun,Other,0.0
Effingham,2024 Jul-Sep,Diesel,3.12
Effingham,2024 Jul-Sep,Gas,4.41
Effingham,2024 Jul-Sep,Other,0.0
Effingham,2024 Oct-Dec,Diesel,2.86
Effingham,2024 Oct-Dec,Gas,3.5
Effingham,2024 Oct-Dec,Other,0.0
Effingham,2025 Jan-Mar,Diesel,4.7
Effingham,2025 Jan-Mar,Gas,4.83
Effingham,2025 Jan-Mar,Other,0.0
Fayette,2023 Jan-Mar,Diesel,4.27
Fayette,2023 Jan-Mar,Gas,3.59
Fayette,2023 Jan-Mar,Other,0.0
Fayette,2023 Apr-Jun,Diesel,4.14
Fayette,2023 Apr-Jun,Gas,4.21
Fayette,2023 Apr-Jun,Other,0.0
Fayette,2023 Jul-Sep,Diesel,4.48
Fayette,2023 Jul-Sep,Gas,3.04
Fayette,2023 Jul-Sep,Other,0.0
Fayette,2023 Oct-Dec,Diesel,3.25
Fayette,2023 Oct-Dec,Gas,3.77
Fayette,2023 Oct-Dec,Other,0.0
Fayette,2024 Jan-Mar,Diesel,2.52
Fayette,2024 Jan-Mar,Gas,3.4
Fayette,2024 Jan-Mar,Other,0.0
Fayette,2024 Apr-Jun,Diesel,2.87
Fayette,2024 Apr-Jun,Gas,3.39
Fayette,2024 Apr-Jun,Other,0.0
Fayette,2024 Jul-Sep,Diesel,2.74
Fayette,2024 Jul-Sep,Gas,3.7
Fayette,2024 Jul-Sep,Other,0.0
Fayette,2024 Oct-Dec,Diesel,2.86
Fayette,2024 Oct-Dec,Gas,2.97
Fayette,2024 Oct-Dec,Other,0.0
Fayette,2025 Jan-Mar,Diesel,3.55
Fayette,2025 Jan-Mar,Gas,4.56
Fayette,2025 Jan-Mar,Other,0.0
Ford,2023 Jan-Mar,Diesel,3.59
Ford,2023 Jan-Mar,Gas,4.18
Ford,2023 Jan-Mar,Other,0.0
Ford,2023 Apr-Jun,Diesel,3.62
Ford,2023 Apr-Jun,Gas,2.53
Ford,2023 Apr-Jun,Other,0.0
Ford,2023 Jul-Sep,Diesel,4.32
Ford,2023 Jul-Sep,Gas,2.67
Ford,2023 Jul-Sep,Other,0.0
Ford,2023 Oct-Dec,Diesel,3.24
Ford,2023 Oct-Dec,Gas,3.11
Ford,2023 Oct-Dec,Other,0.0
Ford,2024 Jan-Mar,Diesel,4.32
Ford,2024 Jan-Mar,Gas,4.29
Ford,2024 Jan-Mar,Other,0.0
Ford,2024 Apr-Jun,Diesel,4.38
Ford,2024 Apr-Jun,Gas,2.85
Ford,2024 Apr-Jun,Other,0.0
Ford,2024 Jul-Sep,Diesel,2.6
Ford,2024 Jul-Sep,Gas,4.28
Ford,2024 Jul-Sep,Other,0.0
Ford,2024 Oct-Dec,Diesel,4.5
Ford,2024 Oct-Dec,Gas,3.86
Ford,2024 Oct-Dec,Other,0.0
Ford,2025 Jan-Mar,Diesel,3.74
Ford,2025 Jan-Mar,Gas,3.87
Ford,2025 Jan-Mar,Other,0.0
Franklin,2023 Jan-Mar,Diesel,2.95
Franklin,2023 Jan-Mar,Gas,2.73
Franklin,2023 Jan-Mar,Other,0.0
Franklin,2023 Apr-Jun,Diesel,3.79
Franklin,2023 Apr-Jun,Gas,4.02
Franklin,2023 Apr-Jun,Other,0.0
Franklin,2023 Jul-Sep,Diesel,4.33
Franklin,2023 Jul-Sep,Gas,2.66
Franklin,2023 Jul-Sep,Other,0.0
Franklin,2023 Oct-Dec,Diesel,4.11
Franklin,2023 Oct-Dec,Gas,4.03
Franklin,2023 Oct-Dec,Other,0.0
Franklin,2024 Jan-Mar,Diesel,3.07
Franklin,2024 Jan-Mar,Gas,3.99
Franklin,2024 Jan-Mar,Other,0.0
Franklin,2024 Apr-Jun,Diesel,2.78
Franklin,2024 Apr-Jun,Gas,4.49
Franklin,2024 Apr-Jun,Other,0.0
Franklin,2024 Jul-Sep,Diesel,4.0
Franklin,2024 Jul-Sep,Gas,4.13
Franklin,2024 Jul-Sep,Other,0.0
Franklin,2024 Oct-Dec,Diesel,2.8
Franklin,2024 Oct-Dec,Gas,3.44
Franklin,2024 Oct-Dec,Other,0.0
Franklin,2025 Jan-Mar,Diesel,3.2
Franklin,2025 Jan-Mar,Gas,3.33
Franklin,2025 Jan-Mar,Other,0.0
Fulton,2023 Jan-Mar,Diesel,2.76
Fulton,2023 Jan-Mar,Gas,3.45
Fulton,2023 Jan-Mar,Other,0.0
Fulton,2023 Apr-Jun,Diesel,3.09
Fulton,2023 Apr-Jun,Gas,2.8
Fulton,2023 Apr-Jun,Other,0.0
Fulton,2023 Jul-Sep,Diesel,2.54
Fulton,2023 Jul-Sep,Gas,2.9
Fulton,2023 Jul-Sep,Other,0.0
Fulton,2023 Oct-Dec,Diesel,3.33
Fulton,2023 Oct-Dec,Gas,4.24
Fulton,2023 Oct-Dec,Other,0.0
Fulton,2024 Jan-Mar,Diesel,4.17
Fulton,2024 Jan-Mar,Gas,2.86
Fulton,2024 Jan-Mar,Other,0.0
Fulton,2024 Apr-Jun,Diesel,4.37
Fulton,2024 Apr-Jun,Gas,3.76
Fulton,2024 Apr-Jun,Other,0.0
Fulton,2024 Jul-Sep,Diesel,4.32
Fulton,2024 Jul-Sep,Gas,4.05
Fulton,2024 Jul-Sep,Other,0.0
Fulton,2024 Oct-Dec,Diesel,2.86
Fulton,2024 Oct-Dec,Gas,3.19
Fulton,2024 Oct-Dec,Other,0.0
Fulton,2025 Jan-Mar,Diesel,4.49
Fulton,2025 Jan-Mar,Gas,3.34
Fulton,2025 Jan-Mar,Other,0.0
Gallatin,2023 Jan-Mar,Diesel,2.96
Gallatin,2023 Jan-Mar,Gas,4.28
Gallatin,2023 Jan-Mar,Other,0.0
Gallatin,2023 Apr-Jun,Diesel,3.9
Gallatin,2023 Apr-Jun,Gas,4.25
Gallatin,2023 Apr-Jun,Other,0.0
Gallatin,2023 Jul-Sep,Diesel,3.83
Gallatin,2023 Jul-Sep,Gas,3.0
Gallatin,2023 Jul-Sep,Other,0.0
Gallatin,2023 Oct-Dec,Diesel,2.9
Gallatin,2023 Oct-Dec,Gas,2.57
Gallatin,2023 Oct-Dec,Other,0.0
Gallatin,2024 Jan-Mar,Diesel,4.31
Gallatin,2024 Jan-Mar,Gas,3.3
Gallatin,2024 Jan-Mar,Other,0.0
Gallatin,2024 Apr-Jun,Diesel,3.57
Gallatin,2024 Apr-Jun,Gas,2.79
Gallatin,2024 Apr-Jun,Other,0.0
Gallatin,2024 Jul-Sep,Diesel,3.93
Gallatin,2024 Jul-Sep,Gas,3.94
Gallatin,2024 Jul-Sep,Other,0.0
Gallatin,2024 Oct-Dec,Diesel,4.2
Gallatin,2024 Oct-Dec,Gas,3.63
Gallatin,2024 Oct-Dec,Other,0.0
Gallatin,2025 Jan-Mar,Diesel,3.01
Gallatin,2025 Jan-Mar,Gas,4.02
Gallatin,2025 Jan-Mar,Other,0.0
Greene,2023 Jan-Mar,Diesel,2.95
Greene,2023 Jan-Mar,Gas,4.35
Greene,2023 Jan-Mar,Other,0.0
Greene,2023 Apr-Jun,Diesel,4.02
Greene,2023 Apr-Jun,Gas,2.52
Greene,2023 Apr-Jun,Other,0.0
Greene,2023 Jul-Sep,Diesel,4.39
Greene,2023 Jul-Sep,Gas,2.77
Greene,2023 Jul-Sep,Other,0.0
Greene,2023 Oct-Dec,Diesel,3.07
Greene,2023 Oct-Dec,Gas,4.25
Greene,2023 Oct-Dec,Other,0.0
Greene,2024 Jan-Mar,Diesel,3.82
Greene,2024 Jan-Mar,Gas,3.01
Greene,2024 Jan-Mar,Other,0.0
Greene,2024 Apr-Jun,Diesel,4.27
Greene,2024 Apr-Jun,Gas,3.54
Greene,2024 Apr-Jun,Other,0.0
Greene,2024 Jul-Sep,Diesel,3.53
Greene,2024 Jul-Sep,Gas,4.18
Greene,2024 Jul-Sep,Other,0.0
Greene,2024 Oct-Dec,Diesel,3.9
Greene,2024 Oct-Dec,Gas,2.74
Greene,2024 Oct-Dec,Other,0.0
Greene,2025 Jan-Mar,Diesel,3.34
Greene,2025 Jan-Mar,Gas,3.47
Greene,2025 Jan-Mar,Other,0.0
Grundy,2023 Jan-Mar,Diesel,4.23
Grundy,2023 Jan-Mar,Gas,3.09
Grundy,2023 Jan-Mar,Other,0.0
Grundy,2023 Apr-Jun,Diesel,3.7
Grundy,2023 Apr-Jun,Gas,2.88
Grundy,2023 Apr-Jun,Other,0.0
Grundy,2023 Jul-Sep,Diesel,2.63
Grundy,2023 Jul-Sep,Gas,3.66
Grundy,2023 Jul-Sep,Other,0.0
Grundy,2023 Oct-Dec,Diesel,3.67
Grundy,2023 Oct-Dec,Gas,3.14
Grundy,2023 Oct-Dec,Other,0.0
Grundy,2024 Jan-Mar,Diesel,2.62
Grundy,2024 Jan-Mar,Gas,3.53
Grundy,2024 Jan-Mar,Other,0.0
Grundy,2024 Apr-Jun,Diesel,3.62
Grundy,2024 Apr-Jun,Gas,4.41
Grundy,2024 Apr-Jun,Other,0.0
Grundy,2024 Jul-Sep,Diesel,3.31
Grundy,2024 Jul-Sep,Gas,4.08
Grundy,2024 Jul-Sep,Other,0.0
Grundy,2024 Oct-Dec,Diesel,3.03
Grundy,2024 Oct-Dec,Gas,3.14
Grundy,2024 Oct-Dec,Other,0.0
Grundy,2025 Jan-Mar,Diesel,4.25
Grundy,2025 Jan-Mar,Gas,4.38
Grundy,2025 Jan-Mar,Other,0.0
Hamilton,2023 Jan-Mar,Diesel,3.02
Hamilton,2023 Jan-Mar,Gas,3.24
Hamilton,2023 Jan-Mar,Other,0.0
Hamilton,2023 Apr-Jun,Diesel,2.54
Hamilton,2023 Apr-Jun,Gas,3.08
Hamilton,2023 Apr-Jun,Other,0.0
Hamilton,2023 Jul-Sep,Diesel,4.02
Hamilton,2023 Jul-Sep,Gas,3.34
Hamilton,2023 Jul-Sep,Other,0.0
Hamilton,2023 Oct-Dec,Diesel,4.26
Hamilton,2023 Oct-Dec,Gas,3.11
Hamilton,2023 Oct-Dec,Other,0.0
Hamilton,2024 Jan-Mar,Diesel,2.54
Hamilton,2024 Jan-Mar,Gas,4.45
Hamilton,2024 Jan-Mar,Other,0.0
Hamilton,2024 Apr-Jun,Diesel,3.32
Hamilton,2024 Apr-Jun,Gas,3.16
Hamilton,2024 Apr-Jun,Other,0.0
Hamilton,2024 Jul-Sep,Diesel,2.62
Hamilton,2024 Jul-Sep,Gas,3.87
Hamilton,2024 Jul-Sep,Other,0.0
Hamilton,2024 Oct-Dec,Diesel,4.43
Hamilton,2024 Oct-Dec,Gas,4.28
Hamilton,2024 Oct-Dec,Other,0.0
Hamilton,2025 Jan-Mar,Diesel,3.4
Hamilton,2025 Jan-Mar,Gas,3.53
Hamilton,2025 Jan-Mar,Other,0.0
Hancock,2023 Jan-Mar,Diesel,3.13
Hancock,2023 Jan-Mar,Gas,3.01
Hancock,2023 Jan-Mar,Other,0.0
Hancock,2023 Apr-Jun,Diesel,2.83
Hancock,2023 Apr-Jun,Gas,3.99
Hancock,2023 Apr-Jun,Other,0.0
Hancock,2023 Jul-Sep,Diesel,2.61
Hancock,2023 Jul-Sep,Gas,3.99
Hancock,2023 Jul-Sep,Other,0.0
Hancock,2023 Oct-Dec,Diesel,3.24
Hancock,2023 Oct-Dec,Gas,4.18
Hancock,2023 Oct-Dec,Other,0.0
Hancock,2024 Jan-Mar,Diesel,4.18
Hancock,2024 Jan-Mar,Gas,2.97
Hancock,2024 Jan-Mar,Other,0.0
Hancock,2024 Apr-Jun,Diesel,2.79
Hancock,2024 Apr-Jun,Gas,3.9
Hancock,2024 Apr-Jun,Other,0.0
Hancock,2024 Jul-Sep,Diesel,4.26
Hancock,2024 Jul-Sep,Gas,4.3
Hancock,2024 Jul-Sep,Other,0.0
Hancock,2024 Oct-Dec,Diesel,4.38
Hancock,2024 Oct-Dec,Gas,3.59
Hancock,2024 Oct-Dec,Other,0.0
Hancock,2025 Jan-Mar,Diesel,3.37
Hancock,2025 Jan-Mar,Gas,3.66
Hancock,2025 Jan-Mar,Other,0.0
Hardin,2023 Jan-Mar,Diesel,3.4
Hardin,2023 Jan-Mar,Gas,2.84
Hardin,2023 Jan-Mar,Other,0.0
Hardin,2023 Apr-Jun,Diesel,2.96
Hardin,2023 Apr-Jun,Gas,3.02
Hardin,2023 Apr-Jun,Other,0.0
Hardin,2023 Jul-Sep,Diesel,3.32
Hardin,2023 Jul-Sep,Gas,3.18
Hardin,2023 Jul-Sep,Other,0.0
Hardin,2023 Oct-Dec,Diesel,4.49
Hardin,2023 Oct-Dec,Gas,3.22
Hardin,2023 Oct-Dec,Other,0.0
Hardin,2024 Jan-Mar,Diesel,3.28
Hardin,2024 Jan-Mar,Gas,4.33
Hardin,2024 Jan-Mar,Other,0.0
Hardin,2024 Apr-Jun,Diesel,3.35
Hardin,2024 Apr-Jun,Gas,3.84
Hardin,2024 Apr-Jun,Other,0.0
Hardin,2024 Jul-Sep,Diesel,3.16
Hardin,2024 Jul-Sep,Gas,3.48
Hardin,2024 Jul-Sep,Other,0.0
Hardin,2024 Oct-Dec,Diesel,2.68
Hardin,2024 Oct-Dec,Gas,3.84
Hardin,2024 Oct-Dec,Other,0.0
Hardin,2025 Jan-Mar,Diesel,3.88
Hardin,2025 Jan-Mar,Gas,4.89
Hardin,2025 Jan-Mar,Other,0.0
Henderson,2023 Jan-Mar,Diesel,3.85
Henderson,2023 Jan-Mar,Gas,3.7
Henderson,2023 Jan-Mar,Other,0.0
Henderson,2023 Apr-Jun,Diesel,2.88
Henderson,2023 Apr-Jun,Gas,4.01
Henderson,2023 Apr-Jun,Other,0.0
Henderson,2023 Jul-Sep,Diesel,3.43
Henderson,2023 Jul-Sep,Gas,2.93
Henderson,2023 Jul-Sep,Other,0.0
Henderson,2023 Oct-Dec,Diesel,4.02
Henderson,2023 Oct-Dec,Gas,3.35
Henderson,2023 Oct-Dec,Other,0.0
Henderson,2024 Jan-Mar,Diesel,3.4
Henderson,2024 Jan-Mar,Gas,4.05
Henderson,2024 Jan-Mar,Other,0.0
Henderson,2024 Apr-Jun,Diesel,3.2
Henderson,2024 Apr-Jun,Gas,2.63
Henderson,2024 Apr-Jun,Other,0.0
Henderson,2024 Jul-Sep,Diesel,2.59
Henderson,2024 Jul-Sep,Gas,4.34
Henderson,2024 Jul-Sep,Other,0.0
Henderson,2024 Oct-Dec,Diesel,4.28
Henderson,2024 Oct-Dec,Gas,3.93
Henderson,2024 Oct-Dec,Other,0.0
Henderson,2025 Jan-Mar,Diesel,3.89
Henderson,2025 Jan-Mar,Gas,4.02
Henderson,2025 Jan-Mar,Other,0.0
Henry,2023 Jan-Mar,Diesel,3.82
Henry,2023 Jan-Mar,Gas,3.1
Henry,2023 Jan-Mar,Other,0.0
Henry,2023 Apr-Jun,Diesel,2.75
Henry,2023 Apr-Jun,Gas,2.68
Henry,2023 Apr-Jun,Other,0.0
Henry,2023 Jul-Sep,Diesel,4.22
Henry,2023 Jul-Sep,Gas,4.13
Henry,2023 Jul-Sep,Other,0.0
Henry,2023 Oct-Dec,Diesel,2.71
Henry,2023 Oct-Dec,Gas,3.77
Henry,2023 Oct-Dec,Other,0.0
Henry,2024 Jan-Mar,Diesel,3.64
Henry,2024 Jan-Mar,Gas,3.33
Henry,2024 Jan-Mar,Other,0.0
Henry,2024 Apr-Jun,Diesel,2.82
Henry,2024 Apr-Jun,Gas,2.68
Henry,2024 Apr-Jun,Other,0.0
Henry,2024 Jul-Sep,Diesel,3.67
Henry,2024 Jul-Sep,Gas,3.61
Henry,2024 Jul-Sep,Other,0.0
Henry,2024 Oct-Dec,Diesel,3.83
Henry,2024 Oct-Dec,Gas,3.91
Henry,2024 Oct-Dec,Other,0.0
Henry,2025 Jan-Mar,Diesel,3.57
Henry,2025 Jan-Mar,Gas,4.42
Henry,2025 Jan-Mar,Other,0.0
Iroquois,2023 Jan-Mar,Diesel,4.34
Iroquois,2023 Jan-Mar,Gas,3.04
Iroquois,2023 Jan-Mar,Other,0.0
Iroquois,2023 Apr-Jun,Diesel,4.42
Iroquois,2023 Apr-Jun,Gas,3.25
Iroquois,2023 Apr-Jun,Other,0.0
Iroquois,2023 Jul-Sep,Diesel,4.2
Iroquois,2023 Jul-Sep,Gas,2.73
Iroquois,2023 Jul-Sep,Other,0.0
Iroquois,2023 Oct-Dec,Diesel,3.59
Iroquois,2023 Oct-Dec,Gas,2.88
Iroquois,2023 Oct-Dec,Other,0.0
Iroquois,2024 Jan-Mar,Diesel,3.39
Iroquois,2024 Jan-Mar,Gas,3.38
Iroquois,2024 Jan-Mar,Other,0.0
Iroquois,2024 Apr-Jun,Diesel,4.22
Iroquois,2024 Apr-Jun,Gas,3.95
Iroquois,2024 Apr-Jun,Other,0.0
Iroquois,2024 Jul-Sep,Diesel,3.32
Iroquois,2024 Jul-Sep,Gas,3.74
Iroquois,2024 Jul-Sep,Other,0.0
Iroquois,2024 Oct-Dec,Diesel,2.96
Iroquois,2024 Oct-Dec,Gas,3.27
Iroquois,2024 Oct-Dec,Other,0.0
Iroquois,2025 Jan-Mar,Diesel,3.14
Iroquois,2025 Jan-Mar,Gas,3.27
Iroquois,2025 Jan-Mar,Other,0.0
Jackson,2023 Jan-Mar,Diesel,3.95
Jackson,2023 Jan-Mar,Gas,3.68
Jackson,2023 Jan-Mar,Other,0.0
Jackson,2023 Apr-Jun,Diesel,4.06
Jackson,2023 Apr-Jun,Gas,4.14
Jackson,2023 Apr-Jun,Other,0.0
Jackson,2023 Jul-Sep,Diesel,3.14
Jackson,2023 Jul-Sep,Gas,3.25
Jackson,2023 Jul-Sep,Other,0.0
Jackson,2023 Oct-Dec,Diesel,2.65
Jackson,2023 Oct-Dec,Gas,3.53
Jackson,2023 Oct-Dec,Other,0.0
Jackson,2024 Jan-Mar,Diesel,2.91
Jackson,2024 Jan-Mar,Gas,3.75
Jackson,2024 Jan-Mar,Other,0.0
Jackson,2024 Apr-Jun,Diesel,3.07
Jackson,2024 Apr-Jun,Gas,3.53
Jackson,2024 Apr-Jun,Other,0.0
Jackson,2024 Jul-Sep,Diesel,3.94
Jackson,2024 Jul-Sep,Gas,2.5
Jackson,2024 Jul-Sep,Other,0.0
Jackson,2024 Oct-Dec,Diesel,2.7
Jackson,2024 Oct-Dec,Gas,4.03
Jackson,2024 Oct-Dec,Other,0.0
Jackson,2025 Jan-Mar,Diesel,4.84
Jackson,2025 Jan-Mar,Gas,3.85
Jackson,2025 Jan-Mar,Other,0.0
Jasper,2023 Jan-Mar,Diesel,3.59
Jasper,2023 Jan-Mar,Gas,4.43
Jasper,2023 Jan-Mar,Other,0.0
Jasper,2023 Apr-Jun,Diesel,3.62
Jasper,2023 Apr-Jun,Gas,3.13
Jasper,2023 Apr-Jun,Other,0.0
Jasper,2023 Jul-Sep,Diesel,2.66
Jasper,2023 Jul-Sep,Gas,4.16
Jasper,2023 Jul-Sep,Other,0.0
Jasper,2023 Oct-Dec,Diesel,4.17
Jasper,2023 Oct-Dec,Gas,4.11
Jasper,2023 Oct-Dec,Other,0.0
Jasper,2024 Jan-Mar,Diesel,3.6
Jasper,2024 Jan-Mar,Gas,3.45
Jasper,2024 Jan-Mar,Other,0.0
Jasper,2024 Apr-Jun,Diesel,3.37
Jasper,2024 Apr-Jun,Gas,3.37
Jasper,2024 Apr-Jun,Other,0.0
Jasper,2024 Jul-Sep,Diesel,3.99
Jasper,2024 Jul-Sep,Gas,4.25
Jasper,2024 Jul-Sep,Other,0.0
Jasper,2024 Oct-Dec,Diesel,2.56
Jasper,2024 Oct-Dec,Gas,3.74
Jasper,2024 Oct-Dec,Other,0.0
Jasper,2025 Jan-Mar,Diesel,4.61
Jasper,2025 Jan-Mar,Gas,3.46
Jasper,2025 Jan-Mar,Other,0.0
Jefferson,2023 Jan-Mar,Diesel,2.56
Jefferson,2023 Jan-Mar,Gas,2.79
Jefferson,2023 Jan-Mar,Other,0.0
Jefferson,2023 Apr-Jun,Diesel,4.29
Jefferson,2023 Apr-Jun,Gas,3.04
Jefferson,2023 Apr-Jun,Other,0.0
Jefferson,2023 Jul-Sep,Diesel,4.05
Jefferson,2023 Jul-Sep,Gas,4.12
Jefferson,2023 Jul-Sep,Other,0.0
Jefferson,2023 Oct-Dec,Diesel,4.06
Jefferson,2023 Oct-Dec,Gas,4.08
Jefferson,2023 Oct-Dec,Other,0.0
Jefferson,2024 Jan-Mar,Diesel,3.6
Jefferson,2024 Jan-Mar,Gas,4.06
Jefferson,2024 Jan-Mar,Other,0.0
Jefferson,2024 Apr-Jun,Diesel,4.35
Jefferson,2024 Apr-Jun,Gas,4.42
Jefferson,2024 Apr-Jun,Other,0.0
Jefferson,2024 Jul-Sep,Diesel,3.78
Jefferson,2024 Jul-Sep,Gas,4.49
Jefferson,2024 Jul-Sep,Other,0.0
Jefferson,2024 Oct-Dec,Diesel,3.21
Jefferson,2024 Oct-Dec,Gas,3.51
Jefferson,2024 Oct-Dec,Other,0.0
Jefferson,2025 Jan-Mar,Diesel,4.58
Jefferson,2025 Jan-Mar,Gas,4.71
Jefferson,2025 Jan-Mar,Other,0.0
Jersey,2023 Jan-Mar,Diesel,4.4
Jersey,2023 Jan-Mar,Gas,3.3
Jersey,2023 Jan-Mar,Other,0.0
Jersey,2023 Apr-Jun,Diesel,3.48
Jersey,2023 Apr-Jun,Gas,2.61
Jersey,2023 Apr-Jun,Other,0.0
Jersey,2023 Jul-Sep,Diesel,3.87
Jersey,2023 Jul-Sep,Gas,2.97
Jersey,2023 Jul-Sep,Other,0.0
Jersey,2023 Oct-Dec,Diesel,2.56
Jersey,2023 Oct-Dec,Gas,4.24
Jersey,2023 Oct-Dec,Other,0.0
Jersey,2024 Jan-Mar,Diesel,3.69
Jersey,2024 Jan-Mar,Gas,3.55
Jersey,2024 Jan-Mar,Other,0.0
Jersey,2024 Apr-Jun,Diesel,3.64
Jersey,2024 Apr-Jun,Gas,2.83
Jersey,2024 Apr-Jun,Other,0.0
Jersey,2024 Jul-Sep,Diesel,3.08
Jersey,2024 Jul-Sep,Gas,3.98
Jersey,2024 Jul-Sep,Other,0.0
Jersey,2024 Oct-Dec,Diesel,3.0
Jersey,2024 Oct-Dec,Gas,3.5
Jersey,2024 Oct-Dec,Other,0.0
Jersey,2025 Jan-Mar,Diesel,3.73
Jersey,2025 Jan-Mar,Gas,3.86
Jersey,2025 Jan-Mar,Other,0.0
Jo Daviess,2023 Jan-Mar,Diesel,4.38
Jo Daviess,2023 Jan-Mar,Gas,4.33
Jo Daviess,2023 Jan-Mar,Other,0.0
Jo Daviess,2023 Apr-Jun,Diesel,4.01
Jo Daviess,2023 Apr-Jun,Gas,4.18
Jo Daviess,2023 Apr-Jun,Other,0.0
Jo Daviess,2023 Jul-Sep,Diesel,2.92
Jo Daviess,2023 Jul-Sep,Gas,2.9
Jo Daviess,2023 Jul-Sep,Other,0.0
Jo Daviess,2023 Oct-Dec,Diesel,4.36
Jo Daviess,2023 Oct-Dec,Gas,4.48
Jo Daviess,2023 Oct-Dec,Other,0.0
Jo Daviess,2024 Jan-Mar,Diesel,4.12
Jo Daviess,2024 Jan-Mar,Gas,2.84
Jo Daviess,2024 Jan-Mar,Other,0.0
Jo Daviess,2024 Apr-Jun,Diesel,4.46
Jo Daviess,2024 Apr-Jun,Gas,4.04
Jo Daviess,2024 Apr-Jun,Other,0.0
Jo Daviess,2024 Jul-Sep,Diesel,4.03
Jo Daviess,2024 Jul-Sep,Gas,3.06
Jo Daviess,2024 Jul-Sep,Other,0.0
Jo Daviess,2024 Oct-Dec,Diesel,3.41
Jo Daviess,2024 Oct-Dec,Gas,4.35
Jo Daviess,2024 Oct-Dec,Other,0.0
Jo Daviess,2025 Jan-Mar,Diesel,3.74
Jo Daviess,2025 Jan-Mar,Gas,3.87
Jo Daviess,2025 Jan-Mar,Other,0.0
Johnson,2023 Jan-Mar,Diesel,4.35
Johnson,2023 Jan-Mar,Gas,3.32
Johnson,2023 Jan-Mar,Other,0.0
Johnson,2023 Apr-Jun,Diesel,2.78
Johnson,2023 Apr-Jun,Gas,3.56
Johnson,2023 Apr-Jun,Other,0.0
Johnson,2023 Jul-Sep,Diesel,2.85
Johnson,2023 Jul-Sep,Gas,3.12
Johnson,2023 Jul-Sep,Other,0.0
Johnson,2023 Oct-Dec,Diesel,3.08
Johnson,2023 Oct-Dec,Gas,3.81
Johnson,2023 Oct-Dec,Other,0.0
Johnson,2024 Jan-Mar,Diesel,2.78
Johnson,2024 Jan-Mar,Gas,4.3
Johnson,2024 Jan-Mar,Other,0.0
Johnson,2024 Apr-Jun,Diesel,4.36
Johnson,2024 Apr-Jun,Gas,4.41
Johnson,2024 Apr-Jun,Other,0.0
Johnson,2024 Jul-Sep,Diesel,4.34
Johnson,2024 Jul-Sep,Gas,4.1
Johnson,2024 Jul-Sep,Other,0.0
Johnson,2024 Oct-Dec,Diesel,3.66
Johnson,2024 Oct-Dec,Gas,3.0
Johnson,2024 Oct-Dec,Other,0.0
Johnson,2025 Jan-Mar,Diesel,4.97
Johnson,2025 Jan-Mar,Gas,3.98
Johnson,2025 Jan-Mar,Other,0.0
Kane,2023 Jan-Mar,Diesel,4.27
Kane,2023 Jan-Mar,Gas,3.8
Kane,2023 Jan-Mar,Other,0.0
Kane,2023 Apr-Jun,Diesel,2.7
Kane,2023 Apr-Jun,Gas,2.57
Kane,2023 Apr-Jun,Other,0.0
Kane,2023 Jul-Sep,Diesel,4.4
Kane,2023 Jul-Sep,Gas,3.65
Kane,2023 Jul-Sep,Other,0.0
Kane,2023 Oct-Dec,Diesel,3.83
Kane,2023 Oct-Dec,Gas,2.76
Kane,2023 Oct-Dec,Other,0.0
Kane,2024 Jan-Mar,Diesel,3.52
Kane,2024 Jan-Mar,Gas,2.72
Kane,2024 Jan-Mar,Other,0.0
Kane,2024 Apr-Jun,Diesel,3.83
Kane,2024 Apr-Jun,Gas,3.12
Kane,2024 Apr-Jun,Other,0.0
Kane,2024 Jul-Sep,Diesel,3.31
Kane,2024 Jul-Sep,Gas,4.23
Kane,2024 Jul-Sep,Other,0.0
Kane,2024 Oct-Dec,Diesel,3.95
Kane,2024 Oct-Dec,Gas,3.35
Kane,2024 Oct-Dec,Other,0.0
Kane,2025 Jan-Mar,Diesel,3.39
Kane,2025 Jan-Mar,Gas,3.52
Kane,2025 Jan-Mar,Other,0.0
Kankakee,2023 Jan-Mar,Diesel,2.95
Kankakee,2023 Jan-Mar,Gas,3.46
Kankakee,2023 Jan-Mar,Other,0.0
Kankakee,2023 Apr-Jun,Diesel,4.11
Kankakee,2023 Apr-Jun,Gas,3.6
Kankakee,2023 Apr-Jun,Other,0.0
Kankakee,2023 Jul-Sep,Diesel,4.26
Kankakee,2023 Jul-Sep,Gas,4.4
Kankakee,2023 Jul-Sep,Other,0.0
Kankakee,2023 Oct-Dec,Diesel,2.98
Kankakee,2023 Oct-Dec,Gas,3.49
Kankakee,2023 Oct-Dec,Other,0.0
Kankakee,2024 Jan-Mar,Diesel,2.98
Kankakee,2024 Jan-Mar,Gas,2.62
Kankakee,2024 Jan-Mar,Other,0.0
Kankakee,2024 Apr-Jun,Diesel,3.71
Kankakee,2024 Apr-Jun,Gas,4.35
Kankakee,2024 Apr-Jun,Other,0.0
Kankakee,2024 Jul-Sep,Diesel,2.79
Kankakee,2024 Jul-Sep,Gas,3.18
Kankakee,2024 Jul-Sep,Other,0.0
Kankakee,2024 Oct-Dec,Diesel,4.47
Kankakee,2024 Oct-Dec,Gas,3.27
Kankakee,2024 Oct-Dec,Other,0.0
Kankakee,2025 Jan-Mar,Diesel,4.61
Kankakee,2025 Jan-Mar,Gas,4.74
Kankakee,2025 Jan-Mar,Other,0.0
Kendall,2023 Jan-Mar,Diesel,2.58
Kendall,2023 Jan-Mar,Gas,4.47
Kendall,2023 Jan-Mar,Other,0.0
Kendall,2023 Apr-Jun,Diesel,3.28
Kendall,2023 Apr-Jun,Gas,3.01
Kendall,2023 Apr-Jun,Other,0.0
Kendall,2023 Jul-Sep,Diesel,3.2
Kendall,2023 Jul-Sep,Gas,3.58
Kendall,2023 Jul-Sep,Other,0.0
Kendall,2023 Oct-Dec,Diesel,3.51
Kendall,2023 Oct-Dec,Gas,3.49
Kendall,2023 Oct-Dec,Other,0.0
Kendall,2024 Jan-Mar,Diesel,2.52
Kendall,2024 Jan-Mar,Gas,3.46
Kendall,2024 Jan-Mar,Other,0.0
Kendall,2024 Apr-Jun,Diesel,2.99
Kendall,2024 Apr-Jun,Gas,4.42
Kendall,2024 Apr-Jun,Other,0.0
Kendall,2024 Jul-Sep,Diesel,2.53
Kendall,2024 Jul-Sep,Gas,2.53
Kendall,2024 Jul-Sep,Other,0.0
Kendall,2024 Oct-Dec,Diesel,3.48
Kendall,2024 Oct-Dec,Gas,3.26
Kendall,2024 Oct-Dec,Other,0.0
Kendall,2025 Jan-Mar,Diesel,4.64
Kendall,2025 Jan-Mar,Gas,3.65
Kendall,2025 Jan-Mar,Other,0.0
Knox,2023 Jan-Mar,Diesel,4.37
Knox,2023 Jan-Mar,Gas,2.75
Knox,2023 Jan-Mar,Other,0.0
Knox,2023 Apr-Jun,Diesel,4.41
Knox,2023 Apr-Jun,Gas,2.52
Knox,2023 Apr-Jun,Other,0.0
Knox,2023 Jul-Sep,Diesel,3.07
Knox,2023 Jul-Sep,Gas,3.25
Knox,2023 Jul-Sep,Other,0.0
Knox,2023 Oct-Dec,Diesel,3.79
Knox,2023 Oct-Dec,Gas,3.74
Knox,2023 Oct-Dec,Other,0.0
Knox,2024 Jan-Mar,Diesel,2.58
Knox,2024 Jan-Mar,Gas,4.07
Knox,2024 Jan-Mar,Other,0.0
Knox,2024 Apr-Jun,Diesel,3.55
Knox,2024 Apr-Jun,Gas,3.45
Knox,2024 Apr-Jun,Other,0.0
Knox,2024 Jul-Sep,Diesel,3.92
Knox,2024 Jul-Sep,Gas,4.3
Knox,2024 Jul-Sep,Other,0.0
Knox,2024 Oct-Dec,Diesel,3.34
Knox,2024 Oct-Dec,Gas,3.84
Knox,2024 Oct-Dec,Other,0.0
Knox,2025 Jan-Mar,Diesel,3.88
Knox,2025 Jan-Mar,Gas,4.01
Knox,2025 Jan-Mar,Other,0.0
LaSalle,2023 Jan-Mar,Diesel,4.19
LaSalle,2023 Jan-Mar,Gas,2.98
LaSalle,2023 Jan-Mar,Other,0.0
LaSalle,2023 Apr-Jun,Diesel,3.07
LaSalle,2023 Apr-Jun,Gas,3.39
LaSalle,2023 Apr-Jun,Other,0.0
LaSalle,2023 Jul-Sep,Diesel,3.26
LaSalle,2023 Jul-Sep,Gas,4.19
LaSalle,2023 Jul-Sep,Other,0.0
LaSalle,2023 Oct-Dec,Diesel,3.78
LaSalle,2023 Oct-Dec,Gas,2.69
LaSalle,2023 Oct-Dec,Other,0.0
LaSalle,2024 Jan-Mar,Diesel,4.04
LaSalle,2024 Jan-Mar,Gas,4.13
LaSalle,2024 Jan-Mar,Other,0.0
LaSalle,2024 Apr-Jun,Diesel,4.12
LaSalle,2024 Apr-Jun,Gas,3.97
LaSalle,2024 Apr-Jun,Other,0.0
LaSalle,2024 Jul-Sep,Diesel,4.06
LaSalle,2024 Jul-Sep,Gas,2.73
LaSalle,2024 Jul-Sep,Other,0.0
LaSalle,2024 Oct-Dec,Diesel,3.81
LaSalle,2024 Oct-Dec,Gas,3.05
LaSalle,2024 Oct-Dec,Other,0.0
LaSalle,2025 Jan-Mar,Diesel,4.36
LaSalle,2025 Jan-Mar,Gas,3.21
LaSalle,2025 Jan-Mar,Other,0.0
Lake,2023 Jan-Mar,Diesel,2.99
Lake,2023 Jan-Mar,Gas,3.7
Lake,2023 Jan-Mar,Other,0.0
Lake,2023 Apr-Jun,Diesel,4.34
Lake,2023 Apr-Jun,Gas,3.01
Lake,2023 Apr-Jun,Other,0.0
Lake,2023 Jul-Sep,Diesel,3.66
Lake,2023 Jul-Sep,Gas,3.55
Lake,2023 Jul-Sep,Other,0.0
Lake,2023 Oct-Dec,Diesel,2.79
Lake,2023 Oct-Dec,Gas,2.61
Lake,2023 Oct-Dec,Other,0.0
Lake,2024 Jan-Mar,Diesel,3.88
Lake,2024 Jan-Mar,Gas,3.76
Lake,2024 Jan-Mar,Other,0.0
Lake,2024 Apr-Jun,Diesel,3.09
Lake,2024 Apr-Jun,Gas,2.87
Lake,2024 Apr-Jun,Other,0.0
Lake,2024 Jul-Sep,Diesel,2.64
Lake,2024 Jul-Sep,Gas,2.83
Lake,2024 Jul-Sep,Other,0.0
Lake,2024 Oct-Dec,Diesel,4.08
Lake,2024 Oct-Dec,Gas,2.75
Lake,2024 Oct-Dec,Other,0.0
Lake,2025 Jan-Mar,Diesel,3.69
Lake,2025 Jan-Mar,Gas,3.82
Lake,2025 Jan-Mar,Other,0.0
Lawrence,2023 Jan-Mar,Diesel,2.55
Lawrence,2023 Jan-Mar,Gas,3.89
Lawrence,2023 Jan-Mar,Other,0.0
Lawrence,2023 Apr-Jun,Diesel,3.09
Lawrence,2023 Apr-Jun,Gas,3.93
Lawrence,2023 Apr-Jun,Other,0.0
Lawrence,2023 Jul-Sep,Diesel,2.69
Lawrence,2023 Jul-Sep,Gas,2.53
Lawrence,2023 Jul-Sep,Other,0.0
Lawrence,2023 Oct-Dec,Diesel,3.41
Lawrence,2023 Oct-Dec,Gas,4.07
Lawrence,2023 Oct-Dec,Other,0.0
Lawrence,2024 Jan-Mar,Diesel,3.0
Lawrence,2024 Jan-Mar,Gas,4.07
Lawrence,2024 Jan-Mar,Other,0.0
Lawrence,2024 Apr-Jun,Diesel,3.38
Lawrence,2024 Apr-Jun,Gas,3.03
Lawrence,2024 Apr-Jun,Other,0.0
Lawrence,2024 Jul-Sep,Diesel,3.95
Lawrence,2024 Jul-Sep,Gas,4.23
Lawrence,2024 Jul-Sep,Other,0.0
Lawrence,2024 Oct-Dec,Diesel,4.4
Lawrence,2024 Oct-Dec,Gas,4.22
Lawrence,2024 Oct-Dec,Other,0.0
Lawrence,2025 Jan-Mar,Diesel,4.98
Lawrence,2025 Jan-Mar,Gas,3.11
Lawrence,2025 Jan-Mar,Other,0.0
Lee,2023 Jan-Mar,Diesel,3.64
Lee,2023 Jan-Mar,Gas,3.24
Lee,2023 Jan-Mar,Other,0.0
Lee,2023 Apr-Jun,Diesel,3.6
Lee,2023 Apr-Jun,Gas,3.97
Lee,2023 Apr-Jun,Other,0.0
Lee,2023 Jul-Sep,Diesel,3.22
Lee,2023 Jul-Sep,Gas,2.57
Lee,2023 Jul-Sep,Other,0.0
Lee,2023 Oct-Dec,Diesel,3.08
Lee,2023 Oct-Dec,Gas,3.42
Lee,2023 Oct-Dec,Other,0.0
Lee,2024 Jan-Mar,Diesel,4.42
Lee,2024 Jan-Mar,Gas,2.6
Lee,2024 Jan-Mar,Other,0.0
Lee,2024 Apr-Jun,Diesel,4.35
Lee,2024 Apr-Jun,Gas,3.08
Lee,2024 Apr-Jun,Other,0.0
Lee,2024 Jul-Sep,Diesel,4.02
Lee,2024 Jul-Sep,Gas,3.26
Lee,2024 Jul-Sep,Other,0.0
Lee,2024 Oct-Dec,Diesel,3.55
Lee,2024 Oct-Dec,Gas,3.58
Lee,2024 Oct-Dec,Other,0.0
Lee,2025 Jan-Mar,Diesel,3.75
Lee,2025 Jan-Mar,Gas,4.6
Lee,2025 Jan-Mar,Other,0.0
Livingston,2023 Jan-Mar,Diesel,4.3
Livingston,2023 Jan-Mar,Gas,4.12
Livingston,2023 Jan-Mar,Other,0.0
Livingston,2023 Apr-Jun,Diesel,3.14
Livingston,2023 Apr-Jun,Gas,3.02
Livingston,2023 Apr-Jun,Other,0.0
Livingston,2023 Jul-Sep,Diesel,2.65
Livingston,2023 Jul-Sep,Gas,4.06
Livingston,2023 Jul-Sep,Other,0.0
Livingston,2023 Oct-Dec,Diesel,4.16
Livingston,2023 Oct-Dec,Gas,2.72
Livingston,2023 Oct-Dec,Other,0.0
Livingston,2024 Jan-Mar,Diesel,2.82
Livingston,2024 Jan-Mar,Gas,3.81
Livingston,2024 Jan-Mar,Other,0.0
Livingston,2024 Apr-Jun,Diesel,3.2
Livingston,2024 Apr-Jun,Gas,4.42
Livingston,2024 Apr-Jun,Other,0.0
Livingston,2024 Jul-Sep,Diesel,4.31
Livingston,2024 Jul-Sep,Gas,3.82
Livingston,2024 Jul-Sep,Other,0.0
Livingston,2024 Oct-Dec,Diesel,3.96
Livingston,2024 Oct-Dec,Gas,3.3
Livingston,2024 Oct-Dec,Other,0.0
Livingston,2025 Jan-Mar,Diesel,3.64
Livingston,2025 Jan-Mar,Gas,3.77
Livingston,2025 Jan-Mar,Other,0.0
Logan,2023 Jan-Mar,Diesel,3.55
Logan,2023 Jan-Mar,Gas,3.85
Logan,2023 Jan-Mar,Other,0.0
Logan,2023 Apr-Jun,Diesel,4.23
Logan,2023 Apr-Jun,Gas,3.65
Logan,2023 Apr-Jun,Other,0.0
Logan,2023 Jul-Sep,Diesel,3.81
Logan,2023 Jul-Sep,Gas,3.66
Logan,2023 Jul-Sep,Other,0.0
Logan,2023 Oct-Dec,Diesel,3.9
Logan,2023 Oct-Dec,Gas,3.16
Logan,2023 Oct-Dec,Other,0.0
Logan,2024 Jan-Mar,Diesel,3.92
Logan,2024 Jan-Mar,Gas,3.44
Logan,2024 Jan-Mar,Other,0.0
Logan,2024 Apr-Jun,Diesel,3.97
Logan,2024 Apr-Jun,Gas,3.04
Logan,2024 Apr-Jun,Other,0.0
Logan,2024 Jul-Sep,Diesel,2.66
Logan,2024 Jul-Sep,Gas,4.09
Logan,2024 Jul-Sep,Other,0.0
Logan,2024 Oct-Dec,Diesel,4.44
Logan,2024 Oct-Dec,Gas,4.1
Logan,2024 Oct-Dec,Other,0.0
Logan,2025 Jan-Mar,Diesel,3.69
Logan,2025 Jan-Mar,Gas,3.82
Logan,2025 Jan-Mar,Other,0.0
Macon,2023 Jan-Mar,Diesel,4.12
Macon,2023 Jan-Mar,Gas,2.85
Macon,2023 Jan-Mar,Other,0.0
Macon,2023 Apr-Jun,Diesel,4.23
Macon,2023 Apr-Jun,Gas,3.49
Macon,2023 Apr-Jun,Other,0.0
Macon,2023 Jul-Sep,Diesel,3.7
Macon,2023 Jul-Sep,Gas,3.91
Macon,2023 Jul-Sep,Other,0.0
Macon,2023 Oct-Dec,Diesel,2.8
Macon,2023 Oct-Dec,Gas,3.23
Macon,2023 Oct-Dec,Other,0.0
Macon,2024 Jan-Mar,Diesel,3.13
Macon,2024 Jan-Mar,Gas,2.65
Macon,2024 Jan-Mar,Other,0.0
Macon,2024 Apr-Jun,Diesel,3.5
Macon,2024 Apr-Jun,Gas,3.73
Macon,2024 Apr-Jun,Other,0.0
Macon,2024 Jul-Sep,Diesel,4.46
Macon,2024 Jul-Sep,Gas,3.67
Macon,2024 Jul-Sep,Other,0.0
Macon,2024 Oct-Dec,Diesel,3.12
Macon,2024 Oct-Dec,Gas,3.52
Macon,2024 Oct-Dec,Other,0.0
Macon,2025 Jan-Mar,Diesel,3.62
Macon,2025 Jan-Mar,Gas,4.47
Macon,2025 Jan-Mar,Other,0.0
Macoupin,2023 Jan-Mar,Diesel,3.76
Macoupin,2023 Jan-Mar,Gas,3.41
Macoupin,2023 Jan-Mar,Other,0.0
Macoupin,2023 Apr-Jun,Diesel,2.5
Macoupin,2023 Apr-Jun,Gas,3.77
Macoupin,2023 Apr-Jun,Other,0.0
Macoupin,2023 Jul-Sep,Diesel,2.76
Macoupin,2023 Jul-Sep,Gas,3.26
Macoupin,2023 Jul-Sep,Other,0.0
Macoupin,2023 Oct-Dec,Diesel,3.35
Macoupin,2023 Oct-Dec,Gas,3.54
Macoupin,2023 Oct-Dec,Other,0.0
Macoupin,2024 Jan-Mar,Diesel,2.88
Macoupin,2024 Jan-Mar,Gas,3.65
Macoupin,2024 Jan-Mar,Other,0.0
Macoupin,2024 Apr-Jun,Diesel,3.48
Macoupin,2024 Apr-Jun,Gas,4.11
Macoupin,2024 Apr-Jun,Other,0.0
Macoupin,2024 Jul-Sep,Diesel,4.06
Macoupin,2024 Jul-Sep,Gas,3.38
Macoupin,2024 Jul-Sep,Other,0.0
Macoupin,2024 Oct-Dec,Diesel,2.79
Macoupin,2024 Oct-Dec,Gas,2.62
Macoupin,2024 Oct-Dec,Other,0.0
Macoupin,2025 Jan-Mar,Diesel,3.52
Macoupin,2025 Jan-Mar,Gas,4.37
Macoupin,2025 Jan-Mar,Other,0.0
Madison,2023 Jan-Mar,Diesel,2.99
Madison,2023 Jan-Mar,Gas,2.69
Madison,2023 Jan-Mar,Other,0.0
Madison,2023 Apr-Jun,Diesel,3.37
Madison,2023 Apr-Jun,Gas,2.99
Madison,2023 Apr-Jun,Other,0.0
Madison,2023 Jul-Sep,Diesel,4.33
Madison,2023 Jul-Sep,Gas,2.6
Madison,2023 Jul-Sep,Other,0.0
Madison,2023 Oct-Dec,Diesel,3.7
Madison,2023 Oct-Dec,Gas,2.77
Madison,2023 Oct-Dec,Other,0.0
Madison,2024 Jan-Mar,Diesel,4.4
Madison,2024 Jan-Mar,Gas,2.91
Madison,2024 Jan-Mar,Other,0.0
Madison,2024 Apr-Jun,Diesel,2.98
Madison,2024 Apr-Jun,Gas,2.91
Madison,2024 Apr-Jun,Other,0.0
Madison,2024 Jul-Sep,Diesel,3.3
Madison,2024 Jul-Sep,Gas,3.76
Madison,2024 Jul-Sep,Other,0.0
Madison,2024 Oct-Dec,Diesel,3.59
Madison,2024 Oct-Dec,Gas,2.85
Madison,2024 Oct-Dec,Other,0.0
Madison,2025 Jan-Mar,Diesel,4.44
Madison,2025 Jan-Mar,Gas,3.29
Madison,2025 Jan-Mar,Other,0.0
Marion,2023 Jan-Mar,Diesel,3.2
Marion,2023 Jan-Mar,Gas,3.17
Marion,2023 Jan-Mar,Other,0.0
Marion,2023 Apr-Jun,Diesel,4.3
Marion,2023 Apr-Jun,Gas,2.71
Marion,2023 Apr-Jun,Other,0.0
Marion,2023 Jul-Sep,Diesel,3.38
Marion,2023 Jul-Sep,Gas,2.6
Marion,2023 Jul-Sep,Other,0.0
Marion,2023 Oct-Dec,Diesel,3.79
Marion,2023 Oct-Dec,Gas,3.99
Marion,2023 Oct-Dec,Other,0.0
Marion,2024 Jan-Mar,Diesel,3.51
Marion,2024 Jan-Mar,Gas,3.3
Marion,2024 Jan-Mar,Other,0.0
Marion,2024 Apr-Jun,Diesel,3.66
Marion,2024 Apr-Jun,Gas,3.59
Marion,2024 Apr-Jun,Other,0.0
Marion,2024 Jul-Sep,Diesel,3.09
Marion,2024 Jul-Sep,Gas,3.49
Marion,2024 Jul-Sep,Other,0.0
Marion,2024 Oct-Dec,Diesel,3.39
Marion,2024 Oct-Dec,Gas,3.43
Marion,2024 Oct-Dec,Other,0.0
Marion,2025 Jan-Mar,Diesel,4.34
Marion,2025 Jan-Mar,Gas,4.47
Marion,2025 Jan-Mar,Other,0.0
Marshall,2023 Jan-Mar,Diesel,4.22
Marshall,2023 Jan-Mar,Gas,3.39
Marshall,2023 Jan-Mar,Other,0.0
Marshall,2023 Apr-Jun,Diesel,2.97
Marshall,2023 Apr-Jun,Gas,3.75
Marshall,2023 Apr-Jun,Other,0.0
Marshall,2023 Jul-Sep,Diesel,3.07
Marshall,2023 Jul-Sep,Gas,3.79
Marshall,2023 Jul-Sep,Other,0.0
Marshall,2023 Oct-Dec,Diesel,4.15
Marshall,2023 Oct-Dec,Gas,4.22
Marshall,2023 Oct-Dec,Other,0.0
Marshall,2024 Jan-Mar,Diesel,3.51
Marshall,2024 Jan-Mar,Gas,4.14
Marshall,2024 Jan-Mar,Other,0.0
Marshall,2024 Apr-Jun,Diesel,3.27
Marshall,2024 Apr-Jun,Gas,3.94
Marshall,2024 Apr-Jun,Other,0.0
Marshall,2024 Jul-Sep,Diesel,4.5
Marshall,2024 Jul-Sep,Gas,4.17
Marshall,2024 Jul-Sep,Other,0.0
Marshall,2024 Oct-Dec,Diesel,3.91
Marshall,2024 Oct-Dec,Gas,3.45
Marshall,2024 Oct-Dec,Other,0.0
Marshall,2025 Jan-Mar,Diesel,4.53
Marshall,2025 Jan-Mar,Gas,4.66
Marshall,2025 Jan-Mar,Other,0.0
Mason,2023 Jan-Mar,Diesel,3.79
Mason,2023 Jan-Mar,Gas,3.5
Mason,2023 Jan-Mar,Other,0.0
Mason,2023 Apr-Jun,Diesel,3.63
Mason,2023 Apr-Jun,Gas,3.85
Mason,2023 Apr-Jun,Other,0.0
Mason,2023 Jul-Sep,Diesel,2.81
Mason,2023 Jul-Sep,Gas,4.1
Mason,2023 Jul-Sep,Other,0.0
Mason,2023 Oct-Dec,Diesel,3.75
Mason,2023 Oct-Dec,Gas,3.8
Mason,2023 Oct-Dec,Other,0.0
Mason,2024 Jan-Mar,Diesel,2.91
Mason,2024 Jan-Mar,Gas,3.72
Mason,2024 Jan-Mar,Other,0.0
Mason,2024 Apr-Jun,Diesel,3.26
Mason,2024 Apr-Jun,Gas,4.41
Mason,2024 Apr-Jun,Other,0.0
Mason,2024 Jul-Sep,Diesel,3.82
Mason,2024 Jul-Sep,Gas,3.23
Mason,2024 Jul-Sep,Other,0.0
Mason,2024 Oct-Dec,Diesel,3.03
Mason,2024 Oct-Dec,Gas,3.46
Mason,2024 Oct-Dec,Other,0.0
Mason,2025 Jan-Mar,Diesel,3.98
Mason,2025 Jan-Mar,Gas,4.11
Mason,2025 Jan-Mar,Other,0.0
Massac,2023 Jan-Mar,Diesel,3.91
Massac,2023 Jan-Mar,Gas,3.08
Massac,2023 Jan-Mar,Other,0.0
Massac,2023 Apr-Jun,Diesel,3.55
Massac,2023 Apr-Jun,Gas,4.27
Massac,2023 Apr-Jun,Other,0.0
Massac,2023 Jul-Sep,Diesel,3.62
Massac,2023 Jul-Sep,Gas,3.93
Massac,2023 Jul-Sep,Other,0.0
Massac,2023 Oct-Dec,Diesel,3.64
Massac,2023 Oct-Dec,Gas,2.7
Massac,2023 Oct-Dec,Other,0.0
Massac,2024 Jan-Mar,Diesel,3.98
Massac,2024 Jan-Mar,Gas,4.31
Massac,2024 Jan-Mar,Other,0.0
Massac,2024 Apr-Jun,Diesel,2.81
Massac,2024 Apr-Jun,Gas,3.89
Massac,2024 Apr-Jun,Other,0.0
Massac,2024 Jul-Sep,Diesel,4.12
Massac,2024 Jul-Sep,Gas,2.5
Massac,2024 Jul-Sep,Other,0.0
Massac,2024 Oct-Dec,Diesel,4.06
Massac,2024 Oct-Dec,Gas,2.58
Massac,2024 Oct-Dec,Other,0.0
Massac,2025 Jan-Mar,Diesel,4.11
Massac,2025 Jan-Mar,Gas,4.96
Massac,2025 Jan-Mar,Other,0.0
McDonough,2023 Jan-Mar,Diesel,4.43
McDonough,2023 Jan-Mar,Gas,3.12
McDonough,2023 Jan-Mar,Other,0.0
McDonough,2023 Apr-Jun,Diesel,4.41
McDonough,2023 Apr-Jun,Gas,3.79
McDonough,2023 Apr-Jun,Other,0.0
McDonough,2023 Jul-Sep,Diesel,2.78
McDonough,2023 Jul-Sep,Gas,3.95
McDonough,2023 Jul-Sep,Other,0.0
McDonough,2023 Oct-Dec,Diesel,4.24
McDonough,2023 Oct-Dec,Gas,2.68
McDonough,2023 Oct-Dec,Other,0.0
McDonough,2024 Jan-Mar,Diesel,4.36
McDonough,2024 Jan-Mar,Gas,3.06
McDonough,2024 Jan-Mar,Other,0.0
McDonough,2024 Apr-Jun,Diesel,4.31
McDonough,2024 Apr-Jun,Gas,4.16
McDonough,2024 Apr-Jun,Other,0.0
McDonough,2024 Jul-Sep,Diesel,2.7
McDonough,2024 Jul-Sep,Gas,4.3
McDonough,2024 Jul-Sep,Other,0.0
McDonough,2024 Oct-Dec,Diesel,2.67
McDonough,2024 Oct-Dec,Gas,3.0
McDonough,2024 Oct-Dec,Other,0.0
McDonough,2025 Jan-Mar,Diesel,4.75
McDonough,2025 Jan-Mar,Gas,3.6
McDonough,2025 Jan-Mar,Other,0.0
McHenry,2023 Jan-Mar,Diesel,3.57
McHenry,2023 Jan-Mar,Gas,4.25
McHenry,2023 Jan-Mar,Other,0.0
McHenry,2023 Apr-Jun,Diesel,3.25
McHenry,2023 Apr-Jun,Gas,2.83
McHenry,2023 Apr-Jun,Other,0.0
McHenry,2023 Jul-Sep,Diesel,3.6
McHenry,2023 Jul-Sep,Gas,3.53
McHenry,2023 Jul-Sep,Other,0.0
McHenry,2023 Oct-Dec,Diesel,4.25
McHenry,2023 Oct-Dec,Gas,2.78
McHenry,2023 Oct-Dec,Other,0.0
McHenry,2024 Jan-Mar,Diesel,4.16
McHenry,2024 Jan-Mar,Gas,4.23
McHenry,2024 Jan-Mar,Other,0.0
McHenry,2024 Apr-Jun,Diesel,3.67
McHenry,2024 Apr-Jun,Gas,4.43
McHenry,2024 Apr-Jun,Other,0.0
McHenry,2024 Jul-Sep,Diesel,4.45
McHenry,2024 Jul-Sep,Gas,4.35
McHenry,2024 Jul-Sep,Other,0.0
McHenry,2024 Oct-Dec,Diesel,3.29
McHenry,2024 Oct-Dec,Gas,4.04
McHenry,2024 Oct-Dec,Other,0.0
McHenry,2025 Jan-Mar,Diesel,4.66
McHenry,2025 Jan-Mar,Gas,3.51
McHenry,2025 Jan-Mar,Other,0.0
McLean,2023 Jan-Mar,Diesel,3.48
McLean,2023 Jan-Mar,Gas,4.32
McLean,2023 Jan-Mar,Other,0.0
McLean,2023 Apr-Jun,Diesel,2.79
McLean,2023 Apr-Jun,Gas,4.28
McLean,2023 Apr-Jun,Other,0.0
McLean,2023 Jul-Sep,Diesel,2.84
McLean,2023 Jul-Sep,Gas,2.7
McLean,2023 Jul-Sep,Other,0.0
McLean,2023 Oct-Dec,Diesel,3.82
McLean,2023 Oct-Dec,Gas,3.06
McLean,2023 Oct-Dec,Other,0.0
McLean,2024 Jan-Mar,Diesel,3.43
McLean,2024 Jan-Mar,Gas,3.44
McLean,2024 Jan-Mar,Other,0.0
McLean,2024 Apr-Jun,Diesel,4.38
McLean,2024 Apr-Jun,Gas,2.63
McLean,2024 Apr-Jun,Other,0.0
McLean,2024 Jul-Sep,Diesel,3.13
McLean,2024 Jul-Sep,Gas,4.19
McLean,2024 Jul-Sep,Other,0.0
McLean,2024 Oct-Dec,Diesel,3.83
McLean,2024 Oct-Dec,Gas,3.73
McLean,2024 Oct-Dec,Other,0.0
McLean,2025 Jan-Mar,Diesel,3.37
McLean,2025 Jan-Mar,Gas,3.5
McLean,2025 Jan-Mar,Other,0.0
Menard,2023 Jan-Mar,Diesel,2.56
Menard,2023 Jan-Mar,Gas,3.64
Menard,2023 Jan-Mar,Other,0.0
Menard,2023 Apr-Jun,Diesel,4.36
Menard,2023 Apr-Jun,Gas,4.45
Menard,2023 Apr-Jun,Other,0.0
Menard,2023 Jul-Sep,Diesel,3.35
Menard,2023 Jul-Sep,Gas,2.63
Menard,2023 Jul-Sep,Other,0.0
Menard,2023 Oct-Dec,Diesel,4.2
Menard,2023 Oct-Dec,Gas,4.08
Menard,2023 Oct-Dec,Other,0.0
Menard,2024 Jan-Mar,Diesel,3.1
Menard,2024 Jan-Mar,Gas,2.52
Menard,2024 Jan-Mar,Other,0.0
Menard,2024 Apr-Jun,Diesel,4.34
Menard,2024 Apr-Jun,Gas,3.59
Menard,2024 Apr-Jun,Other,0.0
Menard,2024 Jul-Sep,Diesel,4.49
Menard,2024 Jul-Sep,Gas,3.06
Menard,2024 Jul-Sep,Other,0.0
Menard,2024 Oct-Dec,Diesel,3.81
Menard,2024 Oct-Dec,Gas,3.82
Menard,2024 Oct-Dec,Other,0.0
Menard,2025 Jan-Mar,Diesel,4.16
Menard,2025 Jan-Mar,Gas,4.29
Menard,2025 Jan-Mar,Other,0.0
Mercer,2023 Jan-Mar,Diesel,2.7
Mercer,2023 Jan-Mar,Gas,3.68
Mercer,2023 Jan-Mar,Other,0.0
Mercer,2023 Apr-Jun,Diesel,4.08
Mercer,2023 Apr-Jun,Gas,2.7
Mercer,2023 Apr-Jun,Other,0.0
Mercer,2023 Jul-Sep,Diesel,2.82
Mercer,2023 Jul-Sep,Gas,3.5
Mercer,2023 Jul-Sep,Other,0.0
Mercer,2023 Oct-Dec,Diesel,3.9
Mercer,2023 Oct-Dec,Gas,2.7
Mercer,2023 Oct-Dec,Other,0.0
Mercer,2024 Jan-Mar,Diesel,3.07
Mercer,2024 Jan-Mar,Gas,4.07
Mercer,2024 Jan-Mar,Other,0.0
Mercer,2024 Apr-Jun,Diesel,2.58
Mercer,2024 Apr-Jun,Gas,3.62
Mercer,2024 Apr-Jun,Other,0.0
Mercer,2024 Jul-Sep,Diesel,2.83
Mercer,2024 Jul-Sep,Gas,3.03
Mercer,2024 Jul-Sep,Other,0.0
Mercer,2024 Oct-Dec,Diesel,4.12
Mercer,2024 Oct-Dec,Gas,4.32
Mercer,2024 Oct-Dec,Other,0.0
Mercer,2025 Jan-Mar,Diesel,4.33
Mercer,2025 Jan-Mar,Gas,3.18
Mercer,2025 Jan-Mar,Other,0.0
Monroe,2023 Jan-Mar,Diesel,3.4
Monroe,2023 Jan-Mar,Gas,3.47
Monroe,2023 Jan-Mar,Other,0.0
Monroe,2023 Apr-Jun,Diesel,3.52
Monroe,2023 Apr-Jun,Gas,3.63
Monroe,2023 Apr-Jun,Other,0.0
Monroe,2023 Jul-Sep,Diesel,3.06
Monroe,2023 Jul-Sep,Gas,3.94
Monroe,2023 Jul-Sep,Other,0.0
Monroe,2023 Oct-Dec,Diesel,4.48
Monroe,2023 Oct-Dec,Gas,3.83
Monroe,2023 Oct-Dec,Other,0.0
Monroe,2024 Jan-Mar,Diesel,4.14
Monroe,2024 Jan-Mar,Gas,3.49
Monroe,2024 Jan-Mar,Other,0.0
Monroe,2024 Apr-Jun,Diesel,3.68
Monroe,2024 Apr-Jun,Gas,4.06
Monroe,2024 Apr-Jun,Other,0.0
Monroe,2024 Jul-Sep,Diesel,3.0
Monroe,2024 Jul-Sep,Gas,3.37
Monroe,2024 Jul-Sep,Other,0.0
Monroe,2024 Oct-Dec,Diesel,3.9
Monroe,2024 Oct-Dec,Gas,3.4
Monroe,2024 Oct-Dec,Other,0.0
Monroe,2025 Jan-Mar,Diesel,3.47
Monroe,2025 Jan-Mar,Gas,4.48
Monroe,2025 Jan-Mar,Other,0.0
Montgomery,2023 Jan-Mar,Diesel,4.29
Montgomery,2023 Jan-Mar,Gas,3.29
Montgomery,2023 Jan-Mar,Other,0.0
Montgomery,2023 Apr-Jun,Diesel,2.77
Montgomery,2023 Apr-Jun,Gas,3.53
Montgomery,2023 Apr-Jun,Other,0.0
Montgomery,2023 Jul-Sep,Diesel,3.57
Montgomery,2023 Jul-Sep,Gas,4.39
Montgomery,2023 Jul-Sep,Other,0.0
Montgomery,2023 Oct-Dec,Diesel,4.47
Montgomery,2023 Oct-Dec,Gas,3.28
Montgomery,2023 Oct-Dec,Other,0.0
Montgomery,2024 Jan-Mar,Diesel,2.8
Montgomery,2024 Jan-Mar,Gas,3.49
Montgomery,2024 Jan-Mar,Other,0.0
Montgomery,2024 Apr-Jun,Diesel,4.43
Montgomery,2024 Apr-Jun,Gas,4.47
Montgomery,2024 Apr-Jun,Other,0.0
Montgomery,2024 Jul-Sep,Diesel,4.11
Montgomery,2024 Jul-Sep,Gas,3.1
Montgomery,2024 Jul-Sep,Other,0.0
Montgomery,2024 Oct-Dec,Diesel,2.84
Montgomery,2024 Oct-Dec,Gas,3.35
Montgomery,2024 Oct-Dec,Other,0.0
Montgomery,2025 Jan-Mar,Diesel,4.41
Montgomery,2025 Jan-Mar,Gas,4.54
Montgomery,2025 Jan-Mar,Other,0.0
Morgan,2023 Jan-Mar,Diesel,3.35
Morgan,2023 Jan-Mar,Gas,3.41
Morgan,2023 Jan-Mar,Other,0.0
Morgan,2023 Apr-Jun,Diesel,4.36
Morgan,2023 Apr-Jun,Gas,3.3
Morgan,2023 Apr-Jun,Other,0.0
Morgan,2023 Jul-Sep,Diesel,4.4
Morgan,2023 Jul-Sep,Gas,3.37
Morgan,2023 Jul-Sep,Other,0.0
Morgan,2023 Oct-Dec,Diesel,3.49
Morgan,2023 Oct-Dec,Gas,4.12
Morgan,2023 Oct-Dec,Other,0.0
Morgan,2024 Jan-Mar,Diesel,3.53
Morgan,2024 Jan-Mar,Gas,3.48
Morgan,2024 Jan-Mar,Other,0.0
Morgan,2024 Apr-Jun,Diesel,2.87
Morgan,2024 Apr-Jun,Gas,3.84
Morgan,2024 Apr-Jun,Other,0.0
Morgan,2024 Jul-Sep,Diesel,4.34
Morgan,2024 Jul-Sep,Gas,2.71
Morgan,2024 Jul-Sep,Other,0.0
Morgan,2024 Oct-Dec,Diesel,3.68
Morgan,2024 Oct-Dec,Gas,3.14
Morgan,2024 Oct-Dec,Other,0.0
Morgan,2025 Jan-Mar,Diesel,3.14
Morgan,2025 Jan-Mar,Gas,3.27
Morgan,2025 Jan-Mar,Other,0.0
Moultrie,2023 Jan-Mar,Diesel,4.04
Moultrie,2023 Jan-Mar,Gas,3.94
Moultrie,2023 Jan-Mar,Other,0.0
Moultrie,2023 Apr-Jun,Diesel,2.57
Moultrie,2023 Apr-Jun,Gas,3.09
Moultrie,2023 Apr-Jun,Other,0.0
Moultrie,2023 Jul-Sep,Diesel,4.13
Moultrie,2023 Jul-Sep,Gas,2.72
Moultrie,2023 Jul-Sep,Other,0.0
Moultrie,2023 Oct-Dec,Diesel,4.3
Moultrie,2023 Oct-Dec,Gas,2.74
Moultrie,2023 Oct-Dec,Other,0.0
Moultrie,2024 Jan-Mar,Diesel,2.85
Moultrie,2024 Jan-Mar,Gas,3.89
Moultrie,2024 Jan-Mar,Other,0.0
Moultrie,2024 Apr-Jun,Diesel,3.21
Moultrie,2024 Apr-Jun,Gas,4.29
Moultrie,2024 Apr-Jun,Other,0.0
Moultrie,2024 Jul-Sep,Diesel,4.18
Moultrie,2024 Jul-Sep,Gas,4.07
Moultrie,2024 Jul-Sep,Other,0.0
Moultrie,2024 Oct-Dec,Diesel,4.0
Moultrie,2024 Oct-Dec,Gas,3.79
Moultrie,2024 Oct-Dec,Other,0.0
Moultrie,2025 Jan-Mar,Diesel,4.53
Moultrie,2025 Jan-Mar,Gas,3.38
Moultrie,2025 Jan-Mar,Other,0.0
Ogle,2023 Jan-Mar,Diesel,2.71
Ogle,2023 Jan-Mar,Gas,3.52
Ogle,2023 Jan-Mar,Other,0.0
Ogle,2023 Apr-Jun,Diesel,3.13
Ogle,2023 Apr-Jun,Gas,3.65
Ogle,2023 Apr-Jun,Other,0.0
Ogle,2023 Jul-Sep,Diesel,4.39
Ogle,2023 Jul-Sep,Gas,4.16
Ogle,2023 Jul-Sep,Other,0.0
Ogle,2023 Oct-Dec,Diesel,3.18
Ogle,2023 Oct-Dec,Gas,4.12
Ogle,2023 Oct-Dec,Other,0.0
Ogle,2024 Jan-Mar,Diesel,3.77
Ogle,2024 Jan-Mar,Gas,2.98
Ogle,2024 Jan-Mar,Other,0.0
Ogle,2024 Apr-Jun,Diesel,3.32
Ogle,2024 Apr-Jun,Gas,2.6
Ogle,2024 Apr-Jun,Other,0.0
Ogle,2024 Jul-Sep,Diesel,3.1
Ogle,2024 Jul-Sep,Gas,4.0
Ogle,2024 Jul-Sep,Other,0.0
Ogle,2024 Oct-Dec,Diesel,3.1
Ogle,2024 Oct-Dec,Gas,3.47
Ogle,2024 Oct-Dec,Other,0.0
Ogle,2025 Jan-Mar,Diesel,3.81
Ogle,2025 Jan-Mar,Gas,3.94
Ogle,2025 Jan-Mar,Other,0.0
Peoria,2023 Jan-Mar,Diesel,4.32
Peoria,2023 Jan-Mar,Gas,3.26
Peoria,2023 Jan-Mar,Other,0.0
Peoria,2023 Apr-Jun,Diesel,3.37
Peoria,2023 Apr-Jun,Gas,3.75
Peoria,2023 Apr-Jun,Other,0.0
Peoria,2023 Jul-Sep,Diesel,4.03
Peoria,2023 Jul-Sep,Gas,2.74
Peoria,2023 Jul-Sep,Other,0.0
Peoria,2023 Oct-Dec,Diesel,3.74
Peoria,2023 Oct-Dec,Gas,3.65
Peoria,2023 Oct-Dec,Other,0.0
Peoria,2024 Jan-Mar,Diesel,3.39
Peoria,2024 Jan-Mar,Gas,3.2
Peoria,2024 Jan-Mar,Other,0.0
Peoria,2024 Apr-Jun,Diesel,4.28
Peoria,2024 Apr-Jun,Gas,3.84
Peoria,2024 Apr-Jun,Other,0.0
Peoria,2024 Jul-Sep,Diesel,3.28
Peoria,2024 Jul-Sep,Gas,3.92
Peoria,2024 Jul-Sep,Other,0.0
Peoria,2024 Oct-Dec,Diesel,2.53
Peoria,2024 Oct-Dec,Gas,3.85
Peoria,2024 Oct-Dec,Other,0.0
Peoria,2025 Jan-Mar,Diesel,3.3
Peoria,2025 Jan-Mar,Gas,4.15
Peoria,2025 Jan-Mar,Other,0.0
Perry,2023 Jan-Mar,Diesel,2.8
Perry,2023 Jan-Mar,Gas,3.12
Perry,2023 Jan-Mar,Other,0.0
Perry,2023 Apr-Jun,Diesel,4.23
Perry,2023 Apr-Jun,Gas,3.54
Perry,2023 Apr-Jun,Other,0.0
Perry,2023 Jul-Sep,Diesel,3.86
Perry,2023 Jul-Sep,Gas,3.7
Perry,2023 Jul-Sep,Other,0.0
Perry,2023 Oct-Dec,Diesel,3.73
Perry,2023 Oct-Dec,Gas,2.56
Perry,2023 Oct-Dec,Other,0.0
Perry,2024 Jan-Mar,Diesel,4.09
Perry,2024 Jan-Mar,Gas,2.61
Perry,2024 Jan-Mar,Other,0.0
Perry,2024 Apr-Jun,Diesel,4.22
Perry,2024 Apr-Jun,Gas,2.75
Perry,2024 Apr-Jun,Other,0.0
Perry,2024 Jul-Sep,Diesel,3.15
Perry,2024 Jul-Sep,Gas,4.08
Perry,2024 Jul-Sep,Other,0.0
Perry,2024 Oct-Dec,Diesel,4.44
Perry,2024 Oct-Dec,Gas,4.45
Perry,2024 Oct-Dec,Other,0.0
Perry,2025 Jan-Mar,Diesel,4.96
Perry,2025 Jan-Mar,Gas,3.97
Perry,2025 Jan-Mar,Other,0.0
Piatt,2023 Jan-Mar,Diesel,2.77
Piatt,2023 Jan-Mar,Gas,4.47
Piatt,2023 Jan-Mar,Other,0.0
Piatt,2023 Apr-Jun,Diesel,4.12
Piatt,2023 Apr-Jun,Gas,4.27
Piatt,2023 Apr-Jun,Other,0.0
Piatt,2023 Jul-Sep,Diesel,2.76
Piatt,2023 Jul-Sep,Gas,4.36
Piatt,2023 Jul-Sep,Other,0.0
Piatt,2023 Oct-Dec,Diesel,2.54
Piatt,2023 Oct-Dec,Gas,4.42
Piatt,2023 Oct-Dec,Other,0.0
Piatt,2024 Jan-Mar,Diesel,3.17
Piatt,2024 Jan-Mar,Gas,3.51
Piatt,2024 Jan-Mar,Other,0.0
Piatt,2024 Apr-Jun,Diesel,3.34
Piatt,2024 Apr-Jun,Gas,4.45
Piatt,2024 Apr-Jun,Other,0.0
Piatt,2024 Jul-Sep,Diesel,2.69
Piatt,2024 Jul-Sep,Gas,3.25
Piatt,2024 Jul-Sep,Other,0.0
Piatt,2024 Oct-Dec,Diesel,3.53
Piatt,2024 Oct-Dec,Gas,4.4
Piatt,2024 Oct-Dec,Other,0.0
Piatt,2025 Jan-Mar,Diesel,4.74
Piatt,2025 Jan-Mar,Gas,3.03
Piatt,2025 Jan-Mar,Other,0.0
Pike,2023 Jan-Mar,Diesel,3.27
Pike,2023 Jan-Mar,Gas,3.44
Pike,2023 Jan-Mar,Other,0.0
Pike,2023 Apr-Jun,Diesel,3.71
Pike,2023 Apr-Jun,Gas,3.79
Pike,2023 Apr-Jun,Other,0.0
Pike,2023 Jul-Sep,Diesel,3.82
Pike,2023 Jul-Sep,Gas,3.51
Pike,2023 Jul-Sep,Other,0.0
Pike,2023 Oct-Dec,Diesel,2.67
Pike,2023 Oct-Dec,Gas,3.58
Pike,2023 Oct-Dec,Other,0.0
Pike,2024 Jan-Mar,Diesel,3.72
Pike,2024 Jan-Mar,Gas,3.42
Pike,2024 Jan-Mar,Other,0.0
Pike,2024 Apr-Jun,Diesel,2.57
Pike,2024 Apr-Jun,Gas,4.11
Pike,2024 Apr-Jun,Other,0.0
Pike,2024 Jul-Sep,Diesel,2.83
Pike,2024 Jul-Sep,Gas,3.38
Pike,2024 Jul-Sep,Other,0.0
Pike,2024 Oct-Dec,Diesel,4.48
Pike,2024 Oct-Dec,Gas,4.45
Pike,2024 Oct-Dec,Other,0.0
Pike,2025 Jan-Mar,Diesel,4.26
Pike,2025 Jan-Mar,Gas,4.39
Pike,2025 Jan-Mar,Other,0.0
Pope,2023 Jan-Mar,Diesel,3.31
Pope,2023 Jan-Mar,Gas,3.7
Pope,2023 Jan-Mar,Other,0.0
Pope,2023 Apr-Jun,Diesel,3.33
Pope,2023 Apr-Jun,Gas,2.76
Pope,2023 Apr-Jun,Other,0.0
Pope,2023 Jul-Sep,Diesel,2.58
Pope,2023 Jul-Sep,Gas,4.0
Pope,2023 Jul-Sep,Other,0.0
Pope,2023 Oct-Dec,Diesel,4.43
Pope,2023 Oct-Dec,Gas,2.73
Pope,2023 Oct-Dec,Other,0.0
Pope,2024 Jan-Mar,Diesel,4.0
Pope,2024 Jan-Mar,Gas,2.84
Pope,2024 Jan-Mar,Other,0.0
Pope,2024 Apr-Jun,Diesel,3.6
Pope,2024 Apr-Jun,Gas,2.83
Pope,2024 Apr-Jun,Other,0.0
Pope,2024 Jul-Sep,Diesel,2.91
Pope,2024 Jul-Sep,Gas,3.91
Pope,2024 Jul-Sep,Other,0.0
Pope,2024 Oct-Dec,Diesel,4.34
Pope,2024 Oct-Dec,Gas,3.98
Pope,2024 Oct-Dec,Other,0.0
Pope,2025 Jan-Mar,Diesel,3.34
Pope,2025 Jan-Mar,Gas,4.35
Pope,2025 Jan-Mar,Other,0.0
Pulaski,2023 Jan-Mar,Diesel,3.52
Pulaski,2023 Jan-Mar,Gas,2.72
Pulaski,2023 Jan-Mar,Other,0.0
Pulaski,2023 Apr-Jun,Diesel,2.55
Pulaski,2023 Apr-Jun,Gas,3.06
Pulaski,2023 Apr-Jun,Other,0.0
Pulaski,2023 Jul-Sep,Diesel,4.13
Pulaski,2023 Jul-Sep,Gas,3.94
Pulaski,2023 Jul-Sep,Other,0.0
Pulaski,2023 Oct-Dec,Diesel,3.57
Pulaski,2023 Oct-Dec,Gas,4.14
Pulaski,2023 Oct-Dec,Other,0.0
Pulaski,2024 Jan-Mar,Diesel,4.47
Pulaski,2024 Jan-Mar,Gas,4.13
Pulaski,2024 Jan-Mar,Other,0.0
Pulaski,2024 Apr-Jun,Diesel,2.62
Pulaski,2024 Apr-Jun,Gas,3.31
Pulaski,2024 Apr-Jun,Other,0.0
Pulaski,2024 Jul-Sep,Diesel,2.64
Pulaski,2024 Jul-Sep,Gas,2.55
Pulaski,2024 Jul-Sep,Other,0.0
Pulaski,2024 Oct-Dec,Diesel,2.79
Pulaski,2024 Oct-Dec,Gas,3.59
Pulaski,2024 Oct-Dec,Other,0.0
Pulaski,2025 Jan-Mar,Diesel,3.47
Pulaski,2025 Jan-Mar,Gas,4.48
Pulaski,2025 Jan-Mar,Other,0.0
Putnam,2023 Jan-Mar,Diesel,4.33
Putnam,2023 Jan-Mar,Gas,3.79
Putnam,2023 Jan-Mar,Other,0.0
Putnam,2023 Apr-Jun,Diesel,4.34
Putnam,2023 Apr-Jun,Gas,2.73
Putnam,2023 Apr-Jun,Other,0.0
Putnam,2023 Jul-Sep,Diesel,2.84
Putnam,2023 Jul-Sep,Gas,3.07
Putnam,2023 Jul-Sep,Other,0.0
Putnam,2023 Oct-Dec,Diesel,4.49
Putnam,2023 Oct-Dec,Gas,2.74
Putnam,2023 Oct-Dec,Other,0.0
Putnam,2024 Jan-Mar,Diesel,4.21
Putnam,2024 Jan-Mar,Gas,3.2
Putnam,2024 Jan-Mar,Other,0.0
Putnam,2024 Apr-Jun,Diesel,4.44
Putnam,2024 Apr-Jun,Gas,4.45
Putnam,2024 Apr-Jun,Other,0.0
Putnam,2024 Jul-Sep,Diesel,2.6
Putnam,2024 Jul-Sep,Gas,2.75
Putnam,2024 Jul-Sep,Other,0.0
Putnam,2024 Oct-Dec,Diesel,2.86
Putnam,2024 Oct-Dec,Gas,3.49
Putnam,2024 Oct-Dec,Other,0.0
Putnam,2025 Jan-Mar,Diesel,4.84
Putnam,2025 Jan-Mar,Gas,3.13
Putnam,2025 Jan-Mar,Other,0.0
Randolph,2023 Jan-Mar,Diesel,3.47
Randolph,2023 Jan-Mar,Gas,3.61
Randolph,2023 Jan-Mar,Other,0.0
Randolph,2023 Apr-Jun,Diesel,3.9
Randolph,2023 Apr-Jun,Gas,2.95
Randolph,2023 Apr-Jun,Other,0.0
Randolph,2023 Jul-Sep,Diesel,4.18
Randolph,2023 Jul-Sep,Gas,4.14
Randolph,2023 Jul-Sep,Other,0.0
Randolph,2023 Oct-Dec,Diesel,3.58
Randolph,2023 Oct-Dec,Gas,3.72
Randolph,2023 Oct-Dec,Other,0.0
Randolph,2024 Jan-Mar,Diesel,4.35
Randolph,2024 Jan-Mar,Gas,4.08
Randolph,2024 Jan-Mar,Other,0.0
Randolph,2024 Apr-Jun,Diesel,3.81
Randolph,2024 Apr-Jun,Gas,3.2
Randolph,2024 Apr-Jun,Other,0.0
Randolph,2024 Jul-Sep,Diesel,2.92
Randolph,2024 Jul-Sep,Gas,4.44
Randolph,2024 Jul-Sep,Other,0.0
Randolph,2024 Oct-Dec,Diesel,3.15
Randolph,2024 Oct-Dec,Gas,4.39
Randolph,2024 Oct-Dec,Other,0.0
Randolph,2025 Jan-Mar,Diesel,3.83
Randolph,2025 Jan-Mar,Gas,4.68
Randolph,2025 Jan-Mar,Other,0.0
Richland,2023 Jan-Mar,Diesel,4.24
Richland,2023 Jan-Mar,Gas,4.5
Richland,2023 Jan-Mar,Other,0.0
Richland,2023 Apr-Jun,Diesel,3.75
Richland,2023 Apr-Jun,Gas,2.86
Richland,2023 Apr-Jun,Other,0.0
Richland,2023 Jul-Sep,Diesel,3.78
Richland,2023 Jul-Sep,Gas,3.04
Richland,2023 Jul-Sep,Other,0.0
Richland,2023 Oct-Dec,Diesel,2.67
Richland,2023 Oct-Dec,Gas,3.04
Richland,2023 Oct-Dec,Other,0.0
Richland,2024 Jan-Mar,Diesel,4.06
Richland,2024 Jan-Mar,Gas,2.64
Richland,2024 Jan-Mar,Other,0.0
Richland,2024 Apr-Jun,Diesel,4.19
Richland,2024 Apr-Jun,Gas,3.76
Richland,2024 Apr-Jun,Other,0.0
Richland,2024 Jul-Sep,Diesel,3.86
Richland,2024 Jul-Sep,Gas,2.63
Richland,2024 Jul-Sep,Other,0.0
Richland,2024 Oct-Dec,Diesel,2.99
Richland,2024 Oct-Dec,Gas,4.46
Richland,2024 Oct-Dec,Other,0.0
Richland,2025 Jan-Mar,Diesel,3.08
Richland,2025 Jan-Mar,Gas,3.93
Richland,2025 Jan-Mar,Other,0.0
Rock Island,2023 Jan-Mar,Diesel,2.97
Rock Island,2023 Jan-Mar,Gas,3.55
Rock Island,2023 Jan-Mar,Other,0.0
Rock Island,2023 Apr-Jun,Diesel,3.84
Rock Island,2023 Apr-Jun,Gas,3.74
Rock Island,2023 Apr-Jun,Other,0.0
Rock Island,2023 Jul-Sep,Diesel,3.61
Rock Island,2023 Jul-Sep,Gas,4.24
Rock Island,2023 Jul-Sep,Other,0.0
Rock Island,2023 Oct-Dec,Diesel,3.9
Rock Island,2023 Oct-Dec,Gas,3.29
Rock Island,2023 Oct-Dec,Other,0.0
Rock Island,2024 Jan-Mar,Diesel,3.52
Rock Island,2024 Jan-Mar,Gas,4.35
Rock Island,2024 Jan-Mar,Other,0.0
Rock Island,2024 Apr-Jun,Diesel,4.46
Rock Island,2024 Apr-Jun,Gas,2.98
Rock Island,2024 Apr-Jun,Other,0.0
Rock Island,2024 Jul-Sep,Diesel,3.16
Rock Island,2024 Jul-Sep,Gas,3.28
Rock Island,2024 Jul-Sep,Other,0.0
Rock Island,2024 Oct-Dec,Diesel,3.06
Rock Island,2024 Oct-Dec,Gas,2.64
Rock Island,2024 Oct-Dec,Other,0.0
Rock Island,2025 Jan-Mar,Diesel,4.05
Rock Island,2025 Jan-Mar,Gas,4.18
Rock Island,2025 Jan-Mar,Other,0.0
Saline,2023 Jan-Mar,Diesel,4.0
Saline,2023 Jan-Mar,Gas,3.16
Saline,2023 Jan-Mar,Other,0.0
Saline,2023 Apr-Jun,Diesel,4.18
Saline,2023 Apr-Jun,Gas,2.85
Saline,2023 Apr-Jun,Other,0.0
Saline,2023 Jul-Sep,Diesel,3.85
Saline,2023 Jul-Sep,Gas,2.53
Saline,2023 Jul-Sep,Other,0.0
Saline,2023 Oct-Dec,Diesel,4.34
Saline,2023 Oct-Dec,Gas,3.56
Saline,2023 Oct-Dec,Other,0.0
Saline,2024 Jan-Mar,Diesel,3.2
Saline,2024 Jan-Mar,Gas,4.43
Saline,2024 Jan-Mar,Other,0.0
Saline,2024 Apr-Jun,Diesel,3.63
Saline,2024 Apr-Jun,Gas,4.04
Saline,2024 Apr-Jun,Other,0.0
Saline,2024 Jul-Sep,Diesel,4.25
Saline,2024 Jul-Sep,Gas,3.05
Saline,2024 Jul-Sep,Other,0.0
Saline,2024 Oct-Dec,Diesel,3.97
Saline,2024 Oct-Dec,Gas,3.33
Saline,2024 Oct-Dec,Other,0.0
Saline,2025 Jan-Mar,Diesel,4.98
Saline,2025 Jan-Mar,Gas,3.11
Saline,2025 Jan-Mar,Other,0.0
Sangamon,2023 Jan-Mar,Diesel,3.96
Sangamon,2023 Jan-Mar,Gas,3.42
Sangamon,2023 Jan-Mar,Other,0.0
Sangamon,2023 Apr-Jun,Diesel,2.96
Sangamon,2023 Apr-Jun,Gas,2.9
Sangamon,2023 Apr-Jun,Other,0.0
Sangamon,2023 Jul-Sep,Diesel,3.86
Sangamon,2023 Jul-Sep,Gas,4.44
Sangamon,2023 Jul-Sep,Other,0.0
Sangamon,2023 Oct-Dec,Diesel,3.69
Sangamon,2023 Oct-Dec,Gas,2.86
Sangamon,2023 Oct-Dec,Other,0.0
Sangamon,2024 Jan-Mar,Diesel,4.02
Sangamon,2024 Jan-Mar,Gas,4.31
Sangamon,2024 Jan-Mar,Other,0.0
Sangamon,2024 Apr-Jun,Diesel,3.06
Sangamon,2024 Apr-Jun,Gas,2.72
Sangamon,2024 Apr-Jun,Other,0.0
Sangamon,2024 Jul-Sep,Diesel,2.68
Sangamon,2024 Jul-Sep,Gas,3.22
Sangamon,2024 Jul-Sep,Other,0.0
Sangamon,2024 Oct-Dec,Diesel,2.78
Sangamon,2024 Oct-Dec,Gas,4.36
Sangamon,2024 Oct-Dec,Other,0.0
Sangamon,2025 Jan-Mar,Diesel,4.07
Sangamon,2025 Jan-Mar,Gas,4.2
Sangamon,2025 Jan-Mar,Other,0.0
Schuyler,2023 Jan-Mar,Diesel,3.89
Schuyler,2023 Jan-Mar,Gas,2.83
Schuyler,2023 Jan-Mar,Other,0.0
Schuyler,2023 Apr-Jun,Diesel,2.77
Schuyler,2023 Apr-Jun,Gas,4.0
Schuyler,2023 Apr-Jun,Other,0.0
Schuyler,2023 Jul-Sep,Diesel,2.77
Schuyler,2023 Jul-Sep,Gas,2.73
Schuyler,2023 Jul-Sep,Other,0.0
Schuyler,2023 Oct-Dec,Diesel,3.55
Schuyler,2023 Oct-Dec,Gas,3.79
Schuyler,2023 Oct-Dec,Other,0.0
Schuyler,2024 Jan-Mar,Diesel,4.14
Schuyler,2024 Jan-Mar,Gas,4.27
Schuyler,2024 Jan-Mar,Other,0.0
Schuyler,2024 Apr-Jun,Diesel,3.16
Schuyler,2024 Apr-Jun,Gas,3.8
Schuyler,2024 Apr-Jun,Other,0.0
Schuyler,2024 Jul-Sep,Diesel,2.85
Schuyler,2024 Jul-Sep,Gas,2.6
Schuyler,2024 Jul-Sep,Other,0.0
Schuyler,2024 Oct-Dec,Diesel,3.96
Schuyler,2024 Oct-Dec,Gas,2.95
Schuyler,2024 Oct-Dec,Other,0.0
Schuyler,2025 Jan-Mar,Diesel,4.6
Schuyler,2025 Jan-Mar,Gas,3.45
Schuyler,2025 Jan-Mar,Other,0.0
Scott,2023 Jan-Mar,Diesel,4.36
Scott,2023 Jan-Mar,Gas,3.88
Scott,2023 Jan-Mar,Other,0.0
Scott,2023 Apr-Jun,Diesel,3.58
Scott,2023 Apr-Jun,Gas,4.22
Scott,2023 Apr-Jun,Other,0.0
Scott,2023 Jul-Sep,Diesel,2.77
Scott,2023 Jul-Sep,Gas,3.87
Scott,2023 Jul-Sep,Other,0.0
Scott,2023 Oct-Dec,Diesel,2.55
Scott,2023 Oct-Dec,Gas,3.28
Scott,2023 Oct-Dec,Other,0.0
Scott,2024 Jan-Mar,Diesel,3.38
Scott,2024 Jan-Mar,Gas,4.39
Scott,2024 Jan-Mar,Other,0.0
Scott,2024 Apr-Jun,Diesel,4.16
Scott,2024 Apr-Jun,Gas,2.51
Scott,2024 Apr-Jun,Other,0.0
Scott,2024 Jul-Sep,Diesel,3.36
Scott,2024 Jul-Sep,Gas,2.52
Scott,2024 Jul-Sep,Other,0.0
Scott,2024 Oct-Dec,Diesel,3.32
Scott,2024 Oct-Dec,Gas,2.88
Scott,2024 Oct-Dec,Other,0.0
Scott,2025 Jan-Mar,Diesel,4.63
Scott,2025 Jan-Mar,Gas,3.48
Scott,2025 Jan-Mar,Other,0.0
Shelby,2023 Jan-Mar,Diesel,4.46
Shelby,2023 Jan-Mar,Gas,4.1
Shelby,2023 Jan-Mar,Other,0.0
Shelby,2023 Apr-Jun,Diesel,3.64
Shelby,2023 Apr-Jun,Gas,3.31
Shelby,2023 Apr-Jun,Other,0.0
Shelby,2023 Jul-Sep,Diesel,3.29
Shelby,2023 Jul-Sep,Gas,2.61
Shelby,2023 Jul-Sep,Other,0.0
Shelby,2023 Oct-Dec,Diesel,2.83
Shelby,2023 Oct-Dec,Gas,4.25
Shelby,2023 Oct-Dec,Other,0.0
Shelby,2024 Jan-Mar,Diesel,4.01
Shelby,2024 Jan-Mar,Gas,4.36
Shelby,2024 Jan-Mar,Other,0.0
Shelby,2024 Apr-Jun,Diesel,3.91
Shelby,2024 Apr-Jun,Gas,2.54
Shelby,2024 Apr-Jun,Other,0.0
Shelby,2024 Jul-Sep,Diesel,3.32
Shelby,2024 Jul-Sep,Gas,3.05
Shelby,2024 Jul-Sep,Other,0.0
Shelby,2024 Oct-Dec,Diesel,3.12
Shelby,2024 Oct-Dec,Gas,3.27
Shelby,2024 Oct-Dec,Other,0.0
Shelby,2025 Jan-Mar,Diesel,3.71
Shelby,2025 Jan-Mar,Gas,4.09
Shelby,2025 Jan-Mar,Other,0.0
St. Clair,2023 Jan-Mar,Diesel,4.31
St. Clair,2023 Jan-Mar,Gas,3.7
St. Clair,2023 Jan-Mar,Other,0.0
St. Clair,2023 Apr-Jun,Diesel,4.31
St. Clair,2023 Apr-Jun,Gas,3.18
St. Clair,2023 Apr-Jun,Other,0.0
St. Clair,2023 Jul-Sep,Diesel,3.71
St. Clair,2023 Jul-Sep,Gas,3.86
St. Clair,2023 Jul-Sep,Other,0.0
St. Clair,2023 Oct-Dec,Diesel,2.8
St. Clair,2023 Oct-Dec,Gas,4.47
St. Clair,2023 Oct-Dec,Other,0.0
St. Clair,2024 Jan-Mar,Diesel,2.65
St. Clair,2024 Jan-Mar,Gas,2.51
St. Clair,2024 Jan-Mar,Other,0.0
St. Clair,2024 Apr-Jun,Diesel,3.25
St. Clair,2024 Apr-Jun,Gas,3.42
St. Clair,2024 Apr-Jun,Other,0.0
St. Clair,2024 Jul-Sep,Diesel,3.66
St. Clair,2024 Jul-Sep,Gas,3.61
St. Clair,2024 Jul-Sep,Other,0.0
St. Clair,2024 Oct-Dec,Diesel,4.25
St. Clair,2024 Oct-Dec,Gas,4.14
St. Clair,2024 Oct-Dec,Other,0.0
St. Clair,2025 Jan-Mar,Diesel,3.05
St. Clair,2025 Jan-Mar,Gas,3.9
St. Clair,2025 Jan-Mar,Other,0.0
Stark,2023 Jan-Mar,Diesel,2.68
Stark,2023 Jan-Mar,Gas,3.78
Stark,2023 Jan-Mar,Other,0.0
Stark,2023 Apr-Jun,Diesel,3.83
Stark,2023 Apr-Jun,Gas,3.55
Stark,2023 Apr-Jun,Other,0.0
Stark,2023 Jul-Sep,Diesel,2.64
Stark,2023 Jul-Sep,Gas,3.7
Stark,2023 Jul-Sep,Other,0.0
Stark,2023 Oct-Dec,Diesel,4.01
Stark,2023 Oct-Dec,Gas,3.09
Stark,2023 Oct-Dec,Other,0.0
Stark,2024 Jan-Mar,Diesel,2.69
Stark,2024 Jan-Mar,Gas,3.11
Stark,2024 Jan-Mar,Other,0.0
Stark,2024 Apr-Jun,Diesel,3.35
Stark,2024 Apr-Jun,Gas,3.72
Stark,2024 Apr-Jun,Other,0.0
Stark,2024 Jul-Sep,Diesel,3.07
Stark,2024 Jul-Sep,Gas,4.0
Stark,2024 Jul-Sep,Other,0.0
Stark,2024 Oct-Dec,Diesel,2.92
Stark,2024 Oct-Dec,Gas,2.77
Stark,2024 Oct-Dec,Other,0.0
Stark,2025 Jan-Mar,Diesel,3.2
Stark,2025 Jan-Mar,Gas,3.33
Stark,2025 Jan-Mar,Other,0.0
Stephenson,2023 Jan-Mar,Diesel,2.9
Stephenson,2023 Jan-Mar,Gas,3.74
Stephenson,2023 Jan-Mar,Other,0.0
Stephenson,2023 Apr-Jun,Diesel,2.96
Stephenson,2023 Apr-Jun,Gas,4.38
Stephenson,2023 Apr-Jun,Other,0.0
Stephenson,2023 Jul-Sep,Diesel,4.19
Stephenson,2023 Jul-Sep,Gas,4.1
Stephenson,2023 Jul-Sep,Other,0.0
Stephenson,2023 Oct-Dec,Diesel,3.58
Stephenson,2023 Oct-Dec,Gas,3.06
Stephenson,2023 Oct-Dec,Other,0.0
Stephenson,2024 Jan-Mar,Diesel,4.03
Stephenson,2024 Jan-Mar,Gas,2.87
Stephenson,2024 Jan-Mar,Other,0.0
Stephenson,2024 Apr-Jun,Diesel,3.84
Stephenson,2024 Apr-Jun,Gas,2.64
Stephenson,2024 Apr-Jun,Other,0.0
Stephenson,2024 Jul-Sep,Diesel,2.66
Stephenson,2024 Jul-Sep,Gas,3.86
Stephenson,2024 Jul-Sep,Other,0.0
Stephenson,2024 Oct-Dec,Diesel,3.9
Stephenson,2024 Oct-Dec,Gas,2.82
Stephenson,2024 Oct-Dec,Other,0.0
Stephenson,2025 Jan-Mar,Diesel,4.42
Stephenson,2025 Jan-Mar,Gas,3.27
Stephenson,2025 Jan-Mar,Other,0.0
Tazewell,2023 Jan-Mar,Diesel,3.03
Tazewell,2023 Jan-Mar,Gas,3.95
Tazewell,2023 Jan-Mar,Other,0.0
Tazewell,2023 Apr-Jun,Diesel,3.85
Tazewell,2023 Apr-Jun,Gas,3.17
Tazewell,2023 Apr-Jun,Other,0.0
Tazewell,2023 Jul-Sep,Diesel,3.78
Tazewell,2023 Jul-Sep,Gas,4.08
Tazewell,2023 Jul-Sep,Other,0.0
Tazewell,2023 Oct-Dec,Diesel,3.7
Tazewell,2023 Oct-Dec,Gas,2.54
Tazewell,2023 Oct-Dec,Other,0.0
Tazewell,2024 Jan-Mar,Diesel,3.66
Tazewell,2024 Jan-Mar,Gas,3.76
Tazewell,2024 Jan-Mar,Other,0.0
Tazewell,2024 Apr-Jun,Diesel,2.87
Tazewell,2024 Apr-Jun,Gas,2.6
Tazewell,2024 Apr-Jun,Other,0.0
Tazewell,2024 Jul-Sep,Diesel,3.45
Tazewell,2024 Jul-Sep,Gas,4.21
Tazewell,2024 Jul-Sep,Other,0.0
Tazewell,2024 Oct-Dec,Diesel,4.5
Tazewell,2024 Oct-Dec,Gas,2.81
Tazewell,2024 Oct-Dec,Other,0.0
Tazewell,2025 Jan-Mar,Diesel,3.08
Tazewell,2025 Jan-Mar,Gas,3.93
Tazewell,2025 Jan-Mar,Other,0.0
Union,2023 Jan-Mar,Diesel,3.94
Union,2023 Jan-Mar,Gas,3.98
Union,2023 Jan-Mar,Other,0.0
Union,2023 Apr-Jun,Diesel,4.45
Union,2023 Apr-Jun,Gas,3.96
Union,2023 Apr-Jun,Other,0.0
Union,2023 Jul-Sep,Diesel,2.97
Union,2023 Jul-Sep,Gas,3.43
Union,2023 Jul-Sep,Other,0.0
Union,2023 Oct-Dec,Diesel,2.59
Union,2023 Oct-Dec,Gas,4.44
Union,2023 Oct-Dec,Other,0.0
Union,2024 Jan-Mar,Diesel,3.53
Union,2024 Jan-Mar,Gas,3.08
Union,2024 Jan-Mar,Other,0.0
Union,2024 Apr-Jun,Diesel,3.84
Union,2024 Apr-Jun,Gas,3.13
Union,2024 Apr-Jun,Other,0.0
Union,2024 Jul-Sep,Diesel,2.66
Union,2024 Jul-Sep,Gas,4.14
Union,2024 Jul-Sep,Other,0.0
Union,2024 Oct-Dec,Diesel,3.04
Union,2024 Oct-Dec,Gas,4.33
Union,2024 Oct-Dec,Other,0.0
Union,2025 Jan-Mar,Diesel,3.05
Union,2025 Jan-Mar,Gas,4.06
Union,2025 Jan-Mar,Other,0.0
Vermilion,2023 Jan-Mar,Diesel,2.52
Vermilion,2023 Jan-Mar,Gas,4.38
Vermilion,2023 Jan-Mar,Other,0.0
Vermilion,2023 Apr-Jun,Diesel,4.31
Vermilion,2023 Apr-Jun,Gas,3.52
Vermilion,2023 Apr-Jun,Other,0.0
Vermilion,2023 Jul-Sep,Diesel,2.6
Vermilion,2023 Jul-Sep,Gas,4.27
Vermilion,2023 Jul-Sep,Other,0.0
Vermilion,2023 Oct-Dec,Diesel,3.49
Vermilion,2023 Oct-Dec,Gas,3.13
Vermilion,2023 Oct-Dec,Other,0.0
Vermilion,2024 Jan-Mar,Diesel,2.92
Vermilion,2024 Jan-Mar,Gas,3.62
Vermilion,2024 Jan-Mar,Other,0.0
Vermilion,2024 Apr-Jun,Diesel,3.74
Vermilion,2024 Apr-Jun,Gas,3.45
Vermilion,2024 Apr-Jun,Other,0.0
Vermilion,2024 Jul-Sep,Diesel,3.79
Vermilion,2024 Jul-Sep,Gas,3.19
Vermilion,2024 Jul-Sep,Other,0.0
Vermilion,2024 Oct-Dec,Diesel,3.04
Vermilion,2024 Oct-Dec,Gas,3.91
Vermilion,2024 Oct-Dec,Other,0.0
Vermilion,2025 Jan-Mar,Diesel,4.86
Vermilion,2025 Jan-Mar,Gas,3.71
Vermilion,2025 Jan-Mar,Other,0.0
Wabash,2023 Jan-Mar,Diesel,2.73
Wabash,2023 Jan-Mar,Gas,3.05
Wabash,2023 Jan-Mar,Other,0.0
Wabash,2023 Apr-Jun,Diesel,2.85
Wabash,2023 Apr-Jun,Gas,3.25
Wabash,2023 Apr-Jun,Other,0.0
Wabash,2023 Jul-Sep,Diesel,4.45
Wabash,2023 Jul-Sep,Gas,3.97
Wabash,2023 Jul-Sep,Other,0.0
Wabash,2023 Oct-Dec,Diesel,2.8
Wabash,2023 Oct-Dec,Gas,2.79
Wabash,2023 Oct-Dec,Other,0.0
Wabash,2024 Jan-Mar,Diesel,3.08
Wabash,2024 Jan-Mar,Gas,4.25
Wabash,2024 Jan-Mar,Other,0.0
Wabash,2024 Apr-Jun,Diesel,4.02
Wabash,2024 Apr-Jun,Gas,3.01
Wabash,2024 Apr-Jun,Other,0.0
Wabash,2024 Jul-Sep,Diesel,3.15
Wabash,2024 Jul-Sep,Gas,3.69
Wabash,2024 Jul-Sep,Other,0.0
Wabash,2024 Oct-Dec,Diesel,3.33
Wabash,2024 Oct-Dec,Gas,3.76
Wabash,2024 Oct-Dec,Other,0.0
Wabash,2025 Jan-Mar,Diesel,3.27
Wabash,2025 Jan-Mar,Gas,3.4
Wabash,2025 Jan-Mar,Other,0.0
Warren,2023 Jan-Mar,Diesel,3.66
Warren,2023 Jan-Mar,Gas,2.79
Warren,2023 Jan-Mar,Other,0.0
Warren,2023 Apr-Jun,Diesel,4.16
Warren,2023 Apr-Jun,Gas,3.49
Warren,2023 Apr-Jun,Other,0.0
Warren,2023 Jul-Sep,Diesel,4.31
Warren,2023 Jul-Sep,Gas,3.89
Warren,2023 Jul-Sep,Other,0.0
Warren,2023 Oct-Dec,Diesel,3.96
Warren,2023 Oct-Dec,Gas,2.92
Warren,2023 Oct-Dec,Other,0.0
Warren,2024 Jan-Mar,Diesel,3.58
Warren,2024 Jan-Mar,Gas,3.97
Warren,2024 Jan-Mar,Other,0.0
Warren,2024 Apr-Jun,Diesel,3.8
Warren,2024 Apr-Jun,Gas,4.27
Warren,2024 Apr-Jun,Other,0.0
Warren,2024 Jul-Sep,Diesel,3.72
Warren,2024 Jul-Sep,Gas,2.67
Warren,2024 Jul-Sep,Other,0.0
Warren,2024 Oct-Dec,Diesel,2.97
Warren,2024 Oct-Dec,Gas,2.88
Warren,2024 Oct-Dec,Other,0.0
Warren,2025 Jan-Mar,Diesel,4.02
Warren,2025 Jan-Mar,Gas,4.87
Warren,2025 Jan-Mar,Other,0.0
Washington,2023 Jan-Mar,Diesel,3.56
Washington,2023 Jan-Mar,Gas,3.55
Washington,2023 Jan-Mar,Other,0.0
Washington,2023 Apr-Jun,Diesel,3.48
Washington,2023 Apr-Jun,Gas,4.41
Washington,2023 Apr-Jun,Other,0.0
Washington,2023 Jul-Sep,Diesel,3.1
Washington,2023 Jul-Sep,Gas,3.86
Washington,2023 Jul-Sep,Other,0.0
Washington,2023 Oct-Dec,Diesel,2.58
Washington,2023 Oct-Dec,Gas,4.27
Washington,2023 Oct-Dec,Other,0.0
Washington,2024 Jan-Mar,Diesel,4.21
Washington,2024 Jan-Mar,Gas,4.14
Washington,2024 Jan-Mar,Other,0.0
Washington,2024 Apr-Jun,Diesel,4.13
Washington,2024 Apr-Jun,Gas,3.64
Washington,2024 Apr-Jun,Other,0.0
Washington,2024 Jul-Sep,Diesel,2.7
Washington,2024 Jul-Sep,Gas,3.76
Washington,2024 Jul-Sep,Other,0.0
Washington,2024 Oct-Dec,Diesel,2.62
Washington,2024 Oct-Dec,Gas,4.1
Washington,2024 Oct-Dec,Other,0.0
Washington,2025 Jan-Mar,Diesel,3.23
Washington,2025 Jan-Mar,Gas,3.52
Washington,2025 Jan-Mar,Other,0.0
Wayne,2023 Jan-Mar,Diesel,4.48
Wayne,2023 Jan-Mar,Gas,4.07
Wayne,2023 Jan-Mar,Other,0.0
Wayne,2023 Apr-Jun,Diesel,2.71
Wayne,2023 Apr-Jun,Gas,3.25
Wayne,2023 Apr-Jun,Other,0.0
Wayne,2023 Jul-Sep,Diesel,2.53
Wayne,2023 Jul-Sep,Gas,3.97
Wayne,2023 Jul-Sep,Other,0.0
Wayne,2023 Oct-Dec,Diesel,2.82
Wayne,2023 Oct-Dec,Gas,3.0
Wayne,2023 Oct-Dec,Other,0.0
Wayne,2024 Jan-Mar,Diesel,2.66
Wayne,2024 Jan-Mar,Gas,4.06
Wayne,2024 Jan-Mar,Other,0.0
Wayne,2024 Apr-Jun,Diesel,3.48
Wayne,2024 Apr-Jun,Gas,2.74
Wayne,2024 Apr-Jun,Other,0.0
Wayne,2024 Jul-Sep,Diesel,2.63
Wayne,2024 Jul-Sep,Gas,3.74
Wayne,2024 Jul-Sep,Other,0.0
Wayne,2024 Oct-Dec,Diesel,3.89
Wayne,2024 Oct-Dec,Gas,2.73
Wayne,2024 Oct-Dec,Other,0.0
Wayne,2025 Jan-Mar,Diesel,4.76
Wayne,2025 Jan-Mar,Gas,3.61
Wayne,2025 Jan-Mar,Other,0.0
White,2023 Jan-Mar,Diesel,4.15
White,2023 Jan-Mar,Gas,3.25
White,2023 Jan-Mar,Other,0.0
White,2023 Apr-Jun,Diesel,4.43
White,2023 Apr-Jun,Gas,4.41
White,2023 Apr-Jun,Other,0.0
White,2023 Jul-Sep,Diesel,4.43
White,2023 Jul-Sep,Gas,2.95
White,2023 Jul-Sep,Other,0.0
White,2023 Oct-Dec,Diesel,4.41
White,2023 Oct-Dec,Gas,4.21
White,2023 Oct-Dec,Other,0.0
White,2024 Jan-Mar,Diesel,3.35
White,2024 Jan-Mar,Gas,2.57
White,2024 Jan-Mar,Other,0.0
White,2024 Apr-Jun,Diesel,4.41
White,2024 Apr-Jun,Gas,3.67
White,2024 Apr-Jun,Other,0.0
White,2024 Jul-Sep,Diesel,2.86
White,2024 Jul-Sep,Gas,2.52
White,2024 Jul-Sep,Other,0.0
White,2024 Oct-Dec,Diesel,3.43
White,2024 Oct-Dec,Gas,3.81
White,2024 Oct-Dec,Other,0.0
White,2025 Jan-Mar,Diesel,4.82
White,2025 Jan-Mar,Gas,4.95
White,2025 Jan-Mar,Other,0.0
Whiteside,2023 Jan-Mar,Diesel,3.09
Whiteside,2023 Jan-Mar,Gas,4.33
Whiteside,2023 Jan-Mar,Other,0.0
Whiteside,2023 Apr-Jun,Diesel,3.33
Whiteside,2023 Apr-Jun,Gas,2.96
Whiteside,2023 Apr-Jun,Other,0.0
Whiteside,2023 Jul-Sep,Diesel,2.79
Whiteside,2023 Jul-Sep,Gas,3.65
Whiteside,2023 Jul-Sep,Other,0.0
Whiteside,2023 Oct-Dec,Diesel,3.85
Whiteside,2023 Oct-Dec,Gas,2.6
Whiteside,2023 Oct-Dec,Other,0.0
Whiteside,2024 Jan-Mar,Diesel,4.49
Whiteside,2024 Jan-Mar,Gas,2.55
Whiteside,2024 Jan-Mar,Other,0.0
Whiteside,2024 Apr-Jun,Diesel,2.51
Whiteside,2024 Apr-Jun,Gas,4.3
Whiteside,2024 Apr-Jun,Other,0.0
Whiteside,2024 Jul-Sep,Diesel,4.33
Whiteside,2024 Jul-Sep,Gas,3.01
Whiteside,2024 Jul-Sep,Other,0.0
Whiteside,2024 Oct-Dec,Diesel,4.46
Whiteside,2024 Oct-Dec,Gas,2.88
Whiteside,2024 Oct-Dec,Other,0.0
Whiteside,2025 Jan-Mar,Diesel,4.93
Whiteside,2025 Jan-Mar,Gas,3.06
Whiteside,2025 Jan-Mar,Other,0.0
Will,2023 Jan-Mar,Diesel,4.27
Will,2023 Jan-Mar,Gas,2.86
Will,2023 Jan-Mar,Other,0.0
Will,2023 Apr-Jun,Diesel,3.71
Will,2023 Apr-Jun,Gas,4.47
Will,2023 Apr-Jun,Other,0.0
Will,2023 Jul-Sep,Diesel,3.4
Will,2023 Jul-Sep,Gas,2.7
Will,2023 Jul-Sep,Other,0.0
Will,2023 Oct-Dec,Diesel,2.95
Will,2023 Oct-Dec,Gas,3.66
Will,2023 Oct-Dec,Other,0.0
Will,2024 Jan-Mar,Diesel,2.59
Will,2024 Jan-Mar,Gas,3.6
Will,2024 Jan-Mar,Other,0.0
Will,2024 Apr-Jun,Diesel,2.66
Will,2024 Apr-Jun,Gas,4.07
Will,2024 Apr-Jun,Other,0.0
Will,2024 Jul-Sep,Diesel,3.78
Will,2024 Jul-Sep,Gas,2.55
Will,2024 Jul-Sep,Other,0.0
Will,2024 Oct-Dec,Diesel,4.33
Will,2024 Oct-Dec,Gas,2.57
Will,2024 Oct-Dec,Other,0.0
Will,2025 Jan-Mar,Diesel,4.54
Will,2025 Jan-Mar,Gas,4.83
Will,2025 Jan-Mar,Other,0.0
Williamson,2023 Jan-Mar,Diesel,4.26
Williamson,2023 Jan-Mar,Gas,3.51
Williamson,2023 Jan-Mar,Other,0.0
Williamson,2023 Apr-Jun,Diesel,4.01
Williamson,2023 Apr-Jun,Gas,3.94
Williamson,2023 Apr-Jun,Other,0.0
Williamson,2023 Jul-Sep,Diesel,3.22
Williamson,2023 Jul-Sep,Gas,3.25
Williamson,2023 Jul-Sep,Other,0.0
Williamson,2023 Oct-Dec,Diesel,2.66
Williamson,2023 Oct-Dec,Gas,3.21
Williamson,2023 Oct-Dec,Other,0.0
Williamson,2024 Jan-Mar,Diesel,4.37
Williamson,2024 Jan-Mar,Gas,3.39
Williamson,2024 Jan-Mar,Other,0.0
Williamson,2024 Apr-Jun,Diesel,4.02
Williamson,2024 Apr-Jun,Gas,2.85
Williamson,2024 Apr-Jun,Other,0.0
Williamson,2024 Jul-Sep,Diesel,4.48
Williamson,2024 Jul-Sep,Gas,2.56
Williamson,2024 Jul-Sep,Other,0.0
Williamson,2024 Oct-Dec,Diesel,4.22
Williamson,2024 Oct-Dec,Gas,3.7
Williamson,2024 Oct-Dec,Other,0.0
Williamson,2025 Jan-Mar,Diesel,3.55
Williamson,2025 Jan-Mar,Gas,3.68
Williamson,2025 Jan-Mar,Other,0.0
Winnebago,2023 Jan-Mar,Diesel,3.39
Winnebago,2023 Jan-Mar,Gas,3.1
Winnebago,2023 Jan-Mar,Other,0.0
Winnebago,2023 Apr-Jun,Diesel,4.13
Winnebago,2023 Apr-Jun,Gas,3.7
Winnebago,2023 Apr-Jun,Other,0.0
Winnebago,2023 Jul-Sep,Diesel,2.97
Winnebago,2023 Jul-Sep,Gas,3.95
Winnebago,2023 Jul-Sep,Other,0.0
Winnebago,2023 Oct-Dec,Diesel,3.66
Winnebago,2023 Oct-Dec,Gas,4.49
Winnebago,2023 Oct-Dec,Other,0.0
Winnebago,2024 Jan-Mar,Diesel,3.54
Winnebago,2024 Jan-Mar,Gas,4.31
Winnebago,2024 Jan-Mar,Other,0.0
Winnebago,2024 Apr-Jun,Diesel,3.67
Winnebago,2024 Apr-Jun,Gas,4.11
Winnebago,2024 Apr-Jun,Other,0.0
Winnebago,2024 Jul-Sep,Diesel,3.27
Winnebago,2024 Jul-Sep,Gas,4.25
Winnebago,2024 Jul-Sep,Other,0.0
Winnebago,2024 Oct-Dec,Diesel,3.99
Winnebago,2024 Oct-Dec,Gas,2.74
Winnebago,2024 Oct-Dec,Other,0.0
Winnebago,2025 Jan-Mar,Diesel,4.25
Winnebago,2025 Jan-Mar,Gas,4.38
Winnebago,2025 Jan-Mar,Other,0.0
Woodford,2023 Jan-Mar,Diesel,3.2
Woodford,2023 Jan-Mar,Gas,3.36
Woodford,2023 Jan-Mar,Other,0.0
Woodford,2023 Apr-Jun,Diesel,3.02
Woodford,2023 Apr-Jun,Gas,4.22
Woodford,2023 Apr-Jun,Other,0.0
Woodford,2023 Jul-Sep,Diesel,3.27
Woodford,2023 Jul-Sep,Gas,3.22
Woodford,2023 Jul-Sep,Other,0.0
Woodford,2023 Oct-Dec,Diesel,2.84
Woodford,2023 Oct-Dec,Gas,3.3
Woodford,2023 Oct-Dec,Other,0.0
Woodford,2024 Jan-Mar,Diesel,3.73
Woodford,2024 Jan-Mar,Gas,3.84
Woodford,2024 Jan-Mar,Other,0.0
Woodford,2024 Apr-Jun,Diesel,4.38
Woodford,2024 Apr-Jun,Gas,2.73
Woodford,2024 Apr-Jun,Other,0.0
Woodford,2024 Jul-Sep,Diesel,4.2
Woodford,2024 Jul-Sep,Gas,4.18
Woodford,2024 Jul-Sep,Other,0.0
Woodford,2024 Oct-Dec,Diesel,2.95
Woodford,2024 Oct-Dec,Gas,2.9
Woodford,2024 Oct-Dec,Other,0.0
Woodford,2025 Jan-Mar,Diesel,3.31
Woodford,2025 Jan-Mar,Gas,3.44
Woodford,2025 Jan-Mar,Other,0.0
